available_actions,ball_zone,best_action_estimate,counter_estimate,formation_a,formation_b,game_state,numerical_state,opponent_response_estimate,opponent_shape_b,outcome_estimate,pressure_level,scenario_id,source_class,space_value_estimate,style_a,style_b,team_shape_a
"[""pass"", ""dribble"", ""cross"", ""switch"", ""recycle""]",Z21,pass,re-evaluate via counterfactual simulation (03_DECISION_ENGINE_ARCHITECTURE.md Part BQ),4-3-3,4-1-4-1,protect_lead,attacker_plus_1,shift_across,4-1-4-1_mid_block,turnover,low,SC00001,F,0.12,tiki_taka,high_press,4-3-3_defensive_shape
"[""pass"", ""dribble"", ""cross"", ""switch"", ""recycle""]",Z23,pass,re-evaluate via counterfactual simulation (03_DECISION_ENGINE_ARCHITECTURE.md Part BQ),4-4-2_diamond,3-4-3,1-0,attacker_plus_1,hold_shape,3-4-3_mid_block,progression,medium,SC00002,F,0.22,wing_play,counterattacking,4-4-2_diamond_defensive_shape
"[""pass"", ""dribble"", ""cross"", ""switch"", ""recycle""]",Z15,switch,re-evaluate via counterfactual simulation (03_DECISION_ENGINE_ARCHITECTURE.md Part BQ),4-1-4-1,3-5-2,0-2,attacker_plus_1,step_up_together,3-5-2_mid_block,possession_reset,low,SC00003,F,0.59,counterattacking,wing_play,4-1-4-1_defensive_shape
"[""pass"", ""dribble"", ""cross"", ""switch"", ""recycle""]",Z19,cross,re-evaluate via counterfactual simulation (03_DECISION_ENGINE_ARCHITECTURE.md Part BQ),3-4-3,5-3-2,2-0,even,drop_off,5-3-2_mid_block,shot_created,high,SC00004,F,0.64,high_press,positional_play,3-4-3_possession_shape
"[""pass"", ""dribble"", ""cross"", ""switch"", ""recycle""]",Z25,switch,re-evaluate via counterfactual simulation (03_DECISION_ENGINE_ARCHITECTURE.md Part BQ),4-4-2_diamond,4-2-3-1,chase_goal,even,drop_off,4-2-3-1_mid_block,shot_created,high,SC00005,F,0.53,counterattacking,wing_play,4-4-2_diamond_possession_shape
"[""pass"", ""dribble"", ""cross"", ""switch"", ""recycle""]",Z13,dribble,re-evaluate via counterfactual simulation (03_DECISION_ENGINE_ARCHITECTURE.md Part BQ),4-2-3-1,4-4-2,chase_goal,even,press_immediately,4-4-2_mid_block,shot_created,high,SC00006,F,0.62,gegenpressing,low_block,4-2-3-1_possession_shape
"[""pass"", ""dribble"", ""cross"", ""switch"", ""recycle""]",Z21,switch,re-evaluate via counterfactual simulation (03_DECISION_ENGINE_ARCHITECTURE.md Part BQ),4-3-3,3-1-4-2,0-1,attacker_plus_1,step_up_together,3-1-4-2_low_block,possession_reset,medium,SC00007,F,0.68,direct_football,possession_football,4-3-3_defensive_shape
"[""pass"", ""dribble"", ""cross"", ""switch"", ""recycle""]",Z2,recycle,re-evaluate via counterfactual simulation (03_DECISION_ENGINE_ARCHITECTURE.md Part BQ),3-4-3,4-1-4-1,1-0,attacker_plus_1,double_team,4-1-4-1_mid_block,progression,medium,SC00008,F,0.76,gegenpressing,direct_football,3-4-3_defensive_shape
"[""pass"", ""dribble"", ""cross"", ""switch"", ""recycle""]",Z16,switch,re-evaluate via counterfactual simulation (03_DECISION_ENGINE_ARCHITECTURE.md Part BQ),4-1-4-1,3-5-2,0-2,attacker_plus_1,hand_over_marking,3-5-2_low_block,progression,low,SC00009,F,0.82,low_block,direct_football,4-1-4-1_defensive_shape
"[""pass"", ""dribble"", ""cross"", ""switch"", ""recycle""]",Z23,dribble,re-evaluate via counterfactual simulation (03_DECISION_ENGINE_ARCHITECTURE.md Part BQ),3-1-4-2,4-4-2_diamond,2-1,even,press_immediately,4-4-2_diamond_low_block,progression,low,SC00010,F,0.78,possession_football,tiki_taka,3-1-4-2_defensive_shape
"[""pass"", ""dribble"", ""cross"", ""switch"", ""recycle""]",Z1,pass,re-evaluate via counterfactual simulation (03_DECISION_ENGINE_ARCHITECTURE.md Part BQ),5-3-2,3-4-3,protect_lead,defender_plus_1,double_team,3-4-3_mid_block,progression,low,SC00011,F,0.59,gegenpressing,tiki_taka,5-3-2_possession_shape
"[""pass"", ""dribble"", ""cross"", ""switch"", ""recycle""]",Z11,cross,re-evaluate via counterfactual simulation (03_DECISION_ENGINE_ARCHITECTURE.md Part BQ),4-1-4-1,4-2-3-1,chase_goal,even,drop_off,4-2-3-1_low_block,turnover,medium,SC00012,F,0.41,high_press,tiki_taka,4-1-4-1_defensive_shape
"[""pass"", ""dribble"", ""cross"", ""switch"", ""recycle""]",Z11,switch,re-evaluate via counterfactual simulation (03_DECISION_ENGINE_ARCHITECTURE.md Part BQ),5-3-2,3-5-2,2-1,even,hold_shape,3-5-2_mid_block,shot_created,high,SC00013,F,0.64,low_block,total_football,5-3-2_possession_shape
"[""pass"", ""dribble"", ""cross"", ""switch"", ""recycle""]",Z16,pass,re-evaluate via counterfactual simulation (03_DECISION_ENGINE_ARCHITECTURE.md Part BQ),3-1-4-2,3-5-2,1-2,defender_plus_1,press_immediately,3-5-2_mid_block,possession_reset,low,SC00014,F,0.79,total_football,direct_football,3-1-4-2_possession_shape
"[""pass"", ""dribble"", ""cross"", ""switch"", ""recycle""]",Z2,pass,re-evaluate via counterfactual simulation (03_DECISION_ENGINE_ARCHITECTURE.md Part BQ),4-2-3-1,3-1-4-2,2-1,attacker_plus_1,shift_across,3-1-4-2_mid_block,turnover,low,SC00015,F,0.25,positional_play,direct_football,4-2-3-1_possession_shape
"[""pass"", ""dribble"", ""cross"", ""switch"", ""recycle""]",Z16,cross,re-evaluate via counterfactual simulation (03_DECISION_ENGINE_ARCHITECTURE.md Part BQ),3-1-4-2,3-5-2,0-2,even,hand_over_marking,3-5-2_mid_block,possession_reset,medium,SC00016,F,0.81,low_block,counterattacking,3-1-4-2_possession_shape
"[""pass"", ""dribble"", ""cross"", ""switch"", ""recycle""]",Z6,switch,re-evaluate via counterfactual simulation (03_DECISION_ENGINE_ARCHITECTURE.md Part BQ),5-3-2,3-1-4-2,2-1,defender_plus_1,shift_across,3-1-4-2_mid_block,turnover,high,SC00017,F,0.72,counterattacking,high_press,5-3-2_possession_shape
"[""pass"", ""dribble"", ""cross"", ""switch"", ""recycle""]",Z3,cross,re-evaluate via counterfactual simulation (03_DECISION_ENGINE_ARCHITECTURE.md Part BQ),5-3-2,4-3-3,protect_lead,even,drop_off,4-3-3_low_block,progression,low,SC00018,F,0.23,gegenpressing,low_block,5-3-2_defensive_shape
"[""pass"", ""dribble"", ""cross"", ""switch"", ""recycle""]",Z7,cross,re-evaluate via counterfactual simulation (03_DECISION_ENGINE_ARCHITECTURE.md Part BQ),3-5-2,5-3-2,chase_goal,attacker_plus_1,drop_off,5-3-2_mid_block,shot_created,medium,SC00019,F,0.57,possession_football,low_block,3-5-2_defensive_shape
"[""pass"", ""dribble"", ""cross"", ""switch"", ""recycle""]",Z6,cross,re-evaluate via counterfactual simulation (03_DECISION_ENGINE_ARCHITECTURE.md Part BQ),5-3-2,4-3-3,1-0,defender_plus_1,double_team,4-3-3_mid_block,possession_reset,low,SC00020,F,0.27,high_press,direct_football,5-3-2_defensive_shape
"[""pass"", ""dribble"", ""cross"", ""switch"", ""recycle""]",Z24,recycle,re-evaluate via counterfactual simulation (03_DECISION_ENGINE_ARCHITECTURE.md Part BQ),5-3-2,3-4-3,0-1,attacker_plus_1,press_immediately,3-4-3_low_block,shot_created,low,SC00021,F,0.68,positional_play,tiki_taka,5-3-2_defensive_shape
"[""pass"", ""dribble"", ""cross"", ""switch"", ""recycle""]",Z17,switch,re-evaluate via counterfactual simulation (03_DECISION_ENGINE_ARCHITECTURE.md Part BQ),4-4-2_diamond,4-1-4-1,1-2,even,hand_over_marking,4-1-4-1_mid_block,progression,medium,SC00022,F,0.3,direct_football,wing_play,4-4-2_diamond_defensive_shape
"[""pass"", ""dribble"", ""cross"", ""switch"", ""recycle""]",Z6,pass,re-evaluate via counterfactual simulation (03_DECISION_ENGINE_ARCHITECTURE.md Part BQ),4-3-3,4-2-3-1,0-2,defender_plus_1,double_team,4-2-3-1_mid_block,shot_created,medium,SC00023,F,0.45,counterattacking,tiki_taka,4-3-3_defensive_shape
"[""pass"", ""dribble"", ""cross"", ""switch"", ""recycle""]",Z13,dribble,re-evaluate via counterfactual simulation (03_DECISION_ENGINE_ARCHITECTURE.md Part BQ),5-3-2,4-2-3-1,0-1,even,drop_off,4-2-3-1_low_block,shot_created,high,SC00024,F,0.51,direct_football,counterattacking,5-3-2_possession_shape
"[""pass"", ""dribble"", ""cross"", ""switch"", ""recycle""]",Z23,cross,re-evaluate via counterfactual simulation (03_DECISION_ENGINE_ARCHITECTURE.md Part BQ),5-3-2,4-4-2_diamond,1-2,even,double_team,4-4-2_diamond_mid_block,possession_reset,low,SC00025,F,0.36,gegenpressing,counterattacking,5-3-2_possession_shape
"[""pass"", ""dribble"", ""cross"", ""switch"", ""recycle""]",Z17,switch,re-evaluate via counterfactual simulation (03_DECISION_ENGINE_ARCHITECTURE.md Part BQ),4-4-2_diamond,4-1-4-1,0-1,attacker_plus_1,hand_over_marking,4-1-4-1_low_block,progression,medium,SC00026,F,0.49,high_press,wing_play,4-4-2_diamond_defensive_shape
"[""pass"", ""dribble"", ""cross"", ""switch"", ""recycle""]",Z12,recycle,re-evaluate via counterfactual simulation (03_DECISION_ENGINE_ARCHITECTURE.md Part BQ),3-4-3,4-2-2-2,chase_goal,even,step_up_together,4-2-2-2_low_block,turnover,medium,SC00027,F,0.72,positional_play,possession_football,3-4-3_possession_shape
"[""pass"", ""dribble"", ""cross"", ""switch"", ""recycle""]",Z14,dribble,re-evaluate via counterfactual simulation (03_DECISION_ENGINE_ARCHITECTURE.md Part BQ),4-1-4-1,4-2-2-2,0-0,even,double_team,4-2-2-2_mid_block,turnover,low,SC00028,F,0.8,total_football,wing_play,4-1-4-1_defensive_shape
"[""pass"", ""dribble"", ""cross"", ""switch"", ""recycle""]",Z15,dribble,re-evaluate via counterfactual simulation (03_DECISION_ENGINE_ARCHITECTURE.md Part BQ),4-1-4-1,3-5-2,1-0,defender_plus_1,recover_goal_side,3-5-2_mid_block,shot_created,high,SC00029,F,0.37,low_block,gegenpressing,4-1-4-1_possession_shape
"[""pass"", ""dribble"", ""cross"", ""switch"", ""recycle""]",Z8,switch,re-evaluate via counterfactual simulation (03_DECISION_ENGINE_ARCHITECTURE.md Part BQ),3-5-2,5-3-2,0-2,even,hold_shape,5-3-2_mid_block,turnover,low,SC00030,F,0.71,counterattacking,positional_play,3-5-2_possession_shape
"[""pass"", ""dribble"", ""cross"", ""switch"", ""recycle""]",Z11,dribble,re-evaluate via counterfactual simulation (03_DECISION_ENGINE_ARCHITECTURE.md Part BQ),4-2-2-2,4-4-2,0-0,even,step_up_together,4-4-2_low_block,possession_reset,medium,SC00031,F,0.76,wing_play,possession_football,4-2-2-2_possession_shape
"[""pass"", ""dribble"", ""cross"", ""switch"", ""recycle""]",Z14,switch,re-evaluate via counterfactual simulation (03_DECISION_ENGINE_ARCHITECTURE.md Part BQ),4-2-2-2,4-4-2,0-2,even,drop_off,4-4-2_low_block,possession_reset,low,SC00032,F,0.26,gegenpressing,possession_football,4-2-2-2_defensive_shape
"[""pass"", ""dribble"", ""cross"", ""switch"", ""recycle""]",Z27,recycle,re-evaluate via counterfactual simulation (03_DECISION_ENGINE_ARCHITECTURE.md Part BQ),4-3-3,5-3-2,protect_lead,attacker_plus_1,hand_over_marking,5-3-2_low_block,possession_reset,high,SC00033,F,0.81,low_block,positional_play,4-3-3_possession_shape
"[""pass"", ""dribble"", ""cross"", ""switch"", ""recycle""]",Z5,recycle,re-evaluate via counterfactual simulation (03_DECISION_ENGINE_ARCHITECTURE.md Part BQ),4-4-2,4-2-3-1,2-0,defender_plus_1,recover_goal_side,4-2-3-1_mid_block,shot_created,low,SC00034,F,0.69,possession_football,total_football,4-4-2_defensive_shape
"[""pass"", ""dribble"", ""cross"", ""switch"", ""recycle""]",Z10,recycle,re-evaluate via counterfactual simulation (03_DECISION_ENGINE_ARCHITECTURE.md Part BQ),4-4-2_diamond,4-4-2,0-1,even,drop_off,4-4-2_mid_block,turnover,high,SC00035,F,0.32,positional_play,wing_play,4-4-2_diamond_possession_shape
"[""pass"", ""dribble"", ""cross"", ""switch"", ""recycle""]",Z4,pass,re-evaluate via counterfactual simulation (03_DECISION_ENGINE_ARCHITECTURE.md Part BQ),4-4-2,3-1-4-2,chase_goal,defender_plus_1,double_team,3-1-4-2_mid_block,turnover,high,SC00036,F,0.61,direct_football,wing_play,4-4-2_defensive_shape
"[""pass"", ""dribble"", ""cross"", ""switch"", ""recycle""]",Z16,recycle,re-evaluate via counterfactual simulation (03_DECISION_ENGINE_ARCHITECTURE.md Part BQ),4-1-4-1,3-5-2,0-0,attacker_plus_1,hold_shape,3-5-2_mid_block,turnover,low,SC00037,F,0.16,positional_play,total_football,4-1-4-1_defensive_shape
"[""pass"", ""dribble"", ""cross"", ""switch"", ""recycle""]",Z1,pass,re-evaluate via counterfactual simulation (03_DECISION_ENGINE_ARCHITECTURE.md Part BQ),5-3-2,4-4-2,0-1,attacker_plus_1,hand_over_marking,4-4-2_low_block,turnover,low,SC00038,F,0.85,counterattacking,high_press,5-3-2_possession_shape
"[""pass"", ""dribble"", ""cross"", ""switch"", ""recycle""]",Z17,cross,re-evaluate via counterfactual simulation (03_DECISION_ENGINE_ARCHITECTURE.md Part BQ),4-1-4-1,4-4-2_diamond,0-2,defender_plus_1,recover_goal_side,4-4-2_diamond_mid_block,possession_reset,high,SC00039,F,0.24,gegenpressing,direct_football,4-1-4-1_defensive_shape
"[""pass"", ""dribble"", ""cross"", ""switch"", ""recycle""]",Z21,pass,re-evaluate via counterfactual simulation (03_DECISION_ENGINE_ARCHITECTURE.md Part BQ),5-3-2,4-2-3-1,2-0,even,recover_goal_side,4-2-3-1_low_block,shot_created,medium,SC00040,F,0.73,direct_football,low_block,5-3-2_possession_shape
"[""pass"", ""dribble"", ""cross"", ""switch"", ""recycle""]",Z22,pass,re-evaluate via counterfactual simulation (03_DECISION_ENGINE_ARCHITECTURE.md Part BQ),4-2-3-1,4-4-2_diamond,1-2,even,recover_goal_side,4-4-2_diamond_low_block,shot_created,low,SC00041,F,0.62,positional_play,low_block,4-2-3-1_defensive_shape
"[""pass"", ""dribble"", ""cross"", ""switch"", ""recycle""]",Z9,cross,re-evaluate via counterfactual simulation (03_DECISION_ENGINE_ARCHITECTURE.md Part BQ),5-3-2,4-3-3,0-0,defender_plus_1,double_team,4-3-3_low_block,shot_created,low,SC00042,F,0.48,high_press,total_football,5-3-2_defensive_shape
"[""pass"", ""dribble"", ""cross"", ""switch"", ""recycle""]",Z22,pass,re-evaluate via counterfactual simulation (03_DECISION_ENGINE_ARCHITECTURE.md Part BQ),4-4-2,3-5-2,must_win,defender_plus_1,hold_shape,3-5-2_low_block,possession_reset,medium,SC00043,F,0.81,gegenpressing,counterattacking,4-4-2_possession_shape
"[""pass"", ""dribble"", ""cross"", ""switch"", ""recycle""]",Z15,dribble,re-evaluate via counterfactual simulation (03_DECISION_ENGINE_ARCHITECTURE.md Part BQ),4-2-3-1,5-3-2,0-2,defender_plus_1,double_team,5-3-2_mid_block,possession_reset,low,SC00044,F,0.87,possession_football,high_press,4-2-3-1_defensive_shape
"[""pass"", ""dribble"", ""cross"", ""switch"", ""recycle""]",Z24,dribble,re-evaluate via counterfactual simulation (03_DECISION_ENGINE_ARCHITECTURE.md Part BQ),4-3-3,4-4-2,0-2,defender_plus_1,press_immediately,4-4-2_mid_block,shot_created,medium,SC00045,F,0.71,wing_play,possession_football,4-3-3_possession_shape
"[""pass"", ""dribble"", ""cross"", ""switch"", ""recycle""]",Z18,cross,re-evaluate via counterfactual simulation (03_DECISION_ENGINE_ARCHITECTURE.md Part BQ),4-1-4-1,5-3-2,chase_goal,attacker_plus_1,step_up_together,5-3-2_mid_block,shot_created,medium,SC00046,F,0.22,gegenpressing,wing_play,4-1-4-1_defensive_shape
"[""pass"", ""dribble"", ""cross"", ""switch"", ""recycle""]",Z6,pass,re-evaluate via counterfactual simulation (03_DECISION_ENGINE_ARCHITECTURE.md Part BQ),4-4-2_diamond,4-1-4-1,0-1,defender_plus_1,press_immediately,4-1-4-1_low_block,turnover,high,SC00047,F,0.21,high_press,counterattacking,4-4-2_diamond_possession_shape
"[""pass"", ""dribble"", ""cross"", ""switch"", ""recycle""]",Z2,dribble,re-evaluate via counterfactual simulation (03_DECISION_ENGINE_ARCHITECTURE.md Part BQ),4-4-2_diamond,3-5-2,2-1,even,double_team,3-5-2_low_block,progression,low,SC00048,F,0.88,direct_football,low_block,4-4-2_diamond_possession_shape
"[""pass"", ""dribble"", ""cross"", ""switch"", ""recycle""]",Z30,dribble,re-evaluate via counterfactual simulation (03_DECISION_ENGINE_ARCHITECTURE.md Part BQ),4-3-3,3-4-3,must_win,attacker_plus_1,press_immediately,3-4-3_mid_block,shot_created,low,SC00049,F,0.87,high_press,counterattacking,4-3-3_possession_shape
"[""pass"", ""dribble"", ""cross"", ""switch"", ""recycle""]",Z13,switch,re-evaluate via counterfactual simulation (03_DECISION_ENGINE_ARCHITECTURE.md Part BQ),4-4-2,4-1-4-1,chase_goal,even,hold_shape,4-1-4-1_low_block,turnover,low,SC00050,F,0.36,gegenpressing,counterattacking,4-4-2_possession_shape
"[""pass"", ""dribble"", ""cross"", ""switch"", ""recycle""]",Z10,switch,re-evaluate via counterfactual simulation (03_DECISION_ENGINE_ARCHITECTURE.md Part BQ),3-5-2,4-1-4-1,0-1,even,hold_shape,4-1-4-1_low_block,shot_created,low,SC00051,F,0.21,wing_play,gegenpressing,3-5-2_possession_shape
"[""pass"", ""dribble"", ""cross"", ""switch"", ""recycle""]",Z23,dribble,re-evaluate via counterfactual simulation (03_DECISION_ENGINE_ARCHITECTURE.md Part BQ),5-3-2,3-4-3,0-0,attacker_plus_1,hand_over_marking,3-4-3_low_block,turnover,high,SC00052,F,0.67,possession_football,gegenpressing,5-3-2_defensive_shape
"[""pass"", ""dribble"", ""cross"", ""switch"", ""recycle""]",Z12,cross,re-evaluate via counterfactual simulation (03_DECISION_ENGINE_ARCHITECTURE.md Part BQ),4-4-2,5-3-2,0-0,attacker_plus_1,drop_off,5-3-2_low_block,possession_reset,low,SC00053,F,0.14,wing_play,possession_football,4-4-2_defensive_shape
"[""pass"", ""dribble"", ""cross"", ""switch"", ""recycle""]",Z2,recycle,re-evaluate via counterfactual simulation (03_DECISION_ENGINE_ARCHITECTURE.md Part BQ),4-4-2,3-4-3,0-2,defender_plus_1,recover_goal_side,3-4-3_mid_block,possession_reset,low,SC00054,F,0.59,total_football,counterattacking,4-4-2_possession_shape
"[""pass"", ""dribble"", ""cross"", ""switch"", ""recycle""]",Z29,switch,re-evaluate via counterfactual simulation (03_DECISION_ENGINE_ARCHITECTURE.md Part BQ),4-2-2-2,3-1-4-2,0-2,defender_plus_1,hold_shape,3-1-4-2_low_block,possession_reset,medium,SC00055,F,0.47,possession_football,gegenpressing,4-2-2-2_possession_shape
"[""pass"", ""dribble"", ""cross"", ""switch"", ""recycle""]",Z26,cross,re-evaluate via counterfactual simulation (03_DECISION_ENGINE_ARCHITECTURE.md Part BQ),4-2-2-2,4-1-4-1,1-2,defender_plus_1,double_team,4-1-4-1_mid_block,possession_reset,high,SC00056,F,0.47,wing_play,direct_football,4-2-2-2_possession_shape
"[""pass"", ""dribble"", ""cross"", ""switch"", ""recycle""]",Z15,pass,re-evaluate via counterfactual simulation (03_DECISION_ENGINE_ARCHITECTURE.md Part BQ),4-4-2,4-3-3,must_win,even,recover_goal_side,4-3-3_mid_block,turnover,medium,SC00057,F,0.2,total_football,counterattacking,4-4-2_defensive_shape
"[""pass"", ""dribble"", ""cross"", ""switch"", ""recycle""]",Z21,cross,re-evaluate via counterfactual simulation (03_DECISION_ENGINE_ARCHITECTURE.md Part BQ),3-5-2,4-2-3-1,1-2,even,double_team,4-2-3-1_low_block,turnover,medium,SC00058,F,0.29,direct_football,gegenpressing,3-5-2_possession_shape
"[""pass"", ""dribble"", ""cross"", ""switch"", ""recycle""]",Z20,recycle,re-evaluate via counterfactual simulation (03_DECISION_ENGINE_ARCHITECTURE.md Part BQ),4-4-2_diamond,4-2-2-2,must_win,even,step_up_together,4-2-2-2_low_block,shot_created,low,SC00059,F,0.16,direct_football,tiki_taka,4-4-2_diamond_possession_shape
"[""pass"", ""dribble"", ""cross"", ""switch"", ""recycle""]",Z3,recycle,re-evaluate via counterfactual simulation (03_DECISION_ENGINE_ARCHITECTURE.md Part BQ),4-2-3-1,4-3-3,0-1,even,hold_shape,4-3-3_low_block,shot_created,medium,SC00060,F,0.72,counterattacking,gegenpressing,4-2-3-1_defensive_shape
"[""pass"", ""dribble"", ""cross"", ""switch"", ""recycle""]",Z21,recycle,re-evaluate via counterfactual simulation (03_DECISION_ENGINE_ARCHITECTURE.md Part BQ),4-3-3,3-5-2,protect_lead,defender_plus_1,hold_shape,3-5-2_low_block,possession_reset,low,SC00061,F,0.8,low_block,total_football,4-3-3_possession_shape
"[""pass"", ""dribble"", ""cross"", ""switch"", ""recycle""]",Z26,dribble,re-evaluate via counterfactual simulation (03_DECISION_ENGINE_ARCHITECTURE.md Part BQ),4-4-2,4-2-2-2,protect_lead,even,double_team,4-2-2-2_mid_block,progression,high,SC00062,F,0.84,gegenpressing,direct_football,4-4-2_defensive_shape
"[""pass"", ""dribble"", ""cross"", ""switch"", ""recycle""]",Z12,pass,re-evaluate via counterfactual simulation (03_DECISION_ENGINE_ARCHITECTURE.md Part BQ),4-1-4-1,3-1-4-2,2-1,defender_plus_1,shift_across,3-1-4-2_mid_block,possession_reset,low,SC00063,F,0.67,total_football,possession_football,4-1-4-1_defensive_shape
"[""pass"", ""dribble"", ""cross"", ""switch"", ""recycle""]",Z2,dribble,re-evaluate via counterfactual simulation (03_DECISION_ENGINE_ARCHITECTURE.md Part BQ),4-2-2-2,3-4-3,0-0,defender_plus_1,hand_over_marking,3-4-3_low_block,progression,high,SC00064,F,0.61,gegenpressing,total_football,4-2-2-2_defensive_shape
"[""pass"", ""dribble"", ""cross"", ""switch"", ""recycle""]",Z24,recycle,re-evaluate via counterfactual simulation (03_DECISION_ENGINE_ARCHITECTURE.md Part BQ),3-5-2,5-3-2,0-1,defender_plus_1,hold_shape,5-3-2_mid_block,progression,low,SC00065,F,0.31,counterattacking,high_press,3-5-2_defensive_shape
"[""pass"", ""dribble"", ""cross"", ""switch"", ""recycle""]",Z16,cross,re-evaluate via counterfactual simulation (03_DECISION_ENGINE_ARCHITECTURE.md Part BQ),4-2-2-2,4-1-4-1,0-0,attacker_plus_1,press_immediately,4-1-4-1_low_block,possession_reset,high,SC00066,F,0.12,direct_football,high_press,4-2-2-2_defensive_shape
"[""pass"", ""dribble"", ""cross"", ""switch"", ""recycle""]",Z16,cross,re-evaluate via counterfactual simulation (03_DECISION_ENGINE_ARCHITECTURE.md Part BQ),4-1-4-1,4-2-3-1,protect_lead,defender_plus_1,step_up_together,4-2-3-1_low_block,shot_created,low,SC00067,F,0.75,low_block,possession_football,4-1-4-1_possession_shape
"[""pass"", ""dribble"", ""cross"", ""switch"", ""recycle""]",Z8,dribble,re-evaluate via counterfactual simulation (03_DECISION_ENGINE_ARCHITECTURE.md Part BQ),4-2-3-1,4-4-2_diamond,0-2,defender_plus_1,drop_off,4-4-2_diamond_mid_block,turnover,medium,SC00068,F,0.49,positional_play,high_press,4-2-3-1_possession_shape
"[""pass"", ""dribble"", ""cross"", ""switch"", ""recycle""]",Z10,recycle,re-evaluate via counterfactual simulation (03_DECISION_ENGINE_ARCHITECTURE.md Part BQ),4-2-2-2,5-3-2,2-0,defender_plus_1,double_team,5-3-2_mid_block,progression,medium,SC00069,F,0.3,tiki_taka,positional_play,4-2-2-2_defensive_shape
"[""pass"", ""dribble"", ""cross"", ""switch"", ""recycle""]",Z16,switch,re-evaluate via counterfactual simulation (03_DECISION_ENGINE_ARCHITECTURE.md Part BQ),3-4-3,4-2-2-2,0-2,attacker_plus_1,hold_shape,4-2-2-2_low_block,possession_reset,high,SC00070,F,0.89,wing_play,total_football,3-4-3_possession_shape
"[""pass"", ""dribble"", ""cross"", ""switch"", ""recycle""]",Z11,switch,re-evaluate via counterfactual simulation (03_DECISION_ENGINE_ARCHITECTURE.md Part BQ),4-3-3,4-2-2-2,0-2,attacker_plus_1,double_team,4-2-2-2_mid_block,progression,low,SC00071,F,0.88,tiki_taka,low_block,4-3-3_defensive_shape
"[""pass"", ""dribble"", ""cross"", ""switch"", ""recycle""]",Z5,cross,re-evaluate via counterfactual simulation (03_DECISION_ENGINE_ARCHITECTURE.md Part BQ),4-4-2_diamond,3-5-2,protect_lead,even,recover_goal_side,3-5-2_low_block,shot_created,medium,SC00072,F,0.7,gegenpressing,high_press,4-4-2_diamond_defensive_shape
"[""pass"", ""dribble"", ""cross"", ""switch"", ""recycle""]",Z19,recycle,re-evaluate via counterfactual simulation (03_DECISION_ENGINE_ARCHITECTURE.md Part BQ),4-2-2-2,4-3-3,1-0,even,drop_off,4-3-3_low_block,shot_created,high,SC00073,F,0.77,gegenpressing,total_football,4-2-2-2_defensive_shape
"[""pass"", ""dribble"", ""cross"", ""switch"", ""recycle""]",Z29,dribble,re-evaluate via counterfactual simulation (03_DECISION_ENGINE_ARCHITECTURE.md Part BQ),3-5-2,5-3-2,0-1,defender_plus_1,press_immediately,5-3-2_mid_block,possession_reset,medium,SC00074,F,0.78,high_press,wing_play,3-5-2_defensive_shape
"[""pass"", ""dribble"", ""cross"", ""switch"", ""recycle""]",Z24,switch,re-evaluate via counterfactual simulation (03_DECISION_ENGINE_ARCHITECTURE.md Part BQ),4-2-3-1,5-3-2,protect_lead,attacker_plus_1,step_up_together,5-3-2_low_block,turnover,high,SC00075,F,0.46,tiki_taka,high_press,4-2-3-1_defensive_shape
"[""pass"", ""dribble"", ""cross"", ""switch"", ""recycle""]",Z13,pass,re-evaluate via counterfactual simulation (03_DECISION_ENGINE_ARCHITECTURE.md Part BQ),3-5-2,5-3-2,0-2,even,drop_off,5-3-2_mid_block,progression,high,SC00076,F,0.82,total_football,tiki_taka,3-5-2_possession_shape
"[""pass"", ""dribble"", ""cross"", ""switch"", ""recycle""]",Z14,dribble,re-evaluate via counterfactual simulation (03_DECISION_ENGINE_ARCHITECTURE.md Part BQ),4-4-2,4-3-3,0-0,attacker_plus_1,shift_across,4-3-3_low_block,possession_reset,medium,SC00077,F,0.39,high_press,gegenpressing,4-4-2_possession_shape
"[""pass"", ""dribble"", ""cross"", ""switch"", ""recycle""]",Z14,dribble,re-evaluate via counterfactual simulation (03_DECISION_ENGINE_ARCHITECTURE.md Part BQ),3-5-2,4-2-3-1,0-0,even,hand_over_marking,4-2-3-1_low_block,turnover,medium,SC00078,F,0.84,low_block,counterattacking,3-5-2_defensive_shape
"[""pass"", ""dribble"", ""cross"", ""switch"", ""recycle""]",Z10,switch,re-evaluate via counterfactual simulation (03_DECISION_ENGINE_ARCHITECTURE.md Part BQ),5-3-2,4-4-2_diamond,chase_goal,even,double_team,4-4-2_diamond_mid_block,possession_reset,high,SC00079,F,0.78,high_press,possession_football,5-3-2_possession_shape
"[""pass"", ""dribble"", ""cross"", ""switch"", ""recycle""]",Z19,dribble,re-evaluate via counterfactual simulation (03_DECISION_ENGINE_ARCHITECTURE.md Part BQ),4-3-3,4-4-2_diamond,chase_goal,defender_plus_1,step_up_together,4-4-2_diamond_mid_block,possession_reset,high,SC00080,F,0.71,positional_play,low_block,4-3-3_possession_shape
"[""pass"", ""dribble"", ""cross"", ""switch"", ""recycle""]",Z7,recycle,re-evaluate via counterfactual simulation (03_DECISION_ENGINE_ARCHITECTURE.md Part BQ),3-4-3,4-2-2-2,0-1,even,double_team,4-2-2-2_mid_block,turnover,low,SC00081,F,0.61,gegenpressing,possession_football,3-4-3_possession_shape
"[""pass"", ""dribble"", ""cross"", ""switch"", ""recycle""]",Z3,recycle,re-evaluate via counterfactual simulation (03_DECISION_ENGINE_ARCHITECTURE.md Part BQ),4-1-4-1,5-3-2,2-0,defender_plus_1,step_up_together,5-3-2_mid_block,possession_reset,low,SC00082,F,0.33,high_press,counterattacking,4-1-4-1_defensive_shape
"[""pass"", ""dribble"", ""cross"", ""switch"", ""recycle""]",Z8,dribble,re-evaluate via counterfactual simulation (03_DECISION_ENGINE_ARCHITECTURE.md Part BQ),3-1-4-2,3-5-2,chase_goal,even,hand_over_marking,3-5-2_mid_block,possession_reset,medium,SC00083,F,0.55,low_block,tiki_taka,3-1-4-2_possession_shape
"[""pass"", ""dribble"", ""cross"", ""switch"", ""recycle""]",Z8,pass,re-evaluate via counterfactual simulation (03_DECISION_ENGINE_ARCHITECTURE.md Part BQ),4-2-3-1,5-3-2,0-1,defender_plus_1,press_immediately,5-3-2_mid_block,progression,medium,SC00084,F,0.38,counterattacking,possession_football,4-2-3-1_defensive_shape
"[""pass"", ""dribble"", ""cross"", ""switch"", ""recycle""]",Z14,cross,re-evaluate via counterfactual simulation (03_DECISION_ENGINE_ARCHITECTURE.md Part BQ),4-4-2,3-5-2,2-1,defender_plus_1,shift_across,3-5-2_mid_block,shot_created,medium,SC00085,F,0.52,tiki_taka,direct_football,4-4-2_possession_shape
"[""pass"", ""dribble"", ""cross"", ""switch"", ""recycle""]",Z23,switch,re-evaluate via counterfactual simulation (03_DECISION_ENGINE_ARCHITECTURE.md Part BQ),3-5-2,3-1-4-2,must_win,defender_plus_1,step_up_together,3-1-4-2_mid_block,possession_reset,medium,SC00086,F,0.17,high_press,positional_play,3-5-2_possession_shape
"[""pass"", ""dribble"", ""cross"", ""switch"", ""recycle""]",Z13,pass,re-evaluate via counterfactual simulation (03_DECISION_ENGINE_ARCHITECTURE.md Part BQ),4-4-2_diamond,4-3-3,2-1,attacker_plus_1,hand_over_marking,4-3-3_low_block,possession_reset,low,SC00087,F,0.43,total_football,high_press,4-4-2_diamond_possession_shape
"[""pass"", ""dribble"", ""cross"", ""switch"", ""recycle""]",Z29,recycle,re-evaluate via counterfactual simulation (03_DECISION_ENGINE_ARCHITECTURE.md Part BQ),4-4-2,4-2-3-1,0-0,defender_plus_1,step_up_together,4-2-3-1_mid_block,progression,high,SC00088,F,0.25,high_press,direct_football,4-4-2_defensive_shape
"[""pass"", ""dribble"", ""cross"", ""switch"", ""recycle""]",Z25,pass,re-evaluate via counterfactual simulation (03_DECISION_ENGINE_ARCHITECTURE.md Part BQ),4-4-2,4-3-3,chase_goal,even,hold_shape,4-3-3_mid_block,progression,medium,SC00089,F,0.86,tiki_taka,gegenpressing,4-4-2_possession_shape
"[""pass"", ""dribble"", ""cross"", ""switch"", ""recycle""]",Z22,switch,re-evaluate via counterfactual simulation (03_DECISION_ENGINE_ARCHITECTURE.md Part BQ),3-1-4-2,4-2-3-1,1-2,attacker_plus_1,drop_off,4-2-3-1_mid_block,shot_created,low,SC00090,F,0.71,possession_football,wing_play,3-1-4-2_defensive_shape
"[""pass"", ""dribble"", ""cross"", ""switch"", ""recycle""]",Z19,cross,re-evaluate via counterfactual simulation (03_DECISION_ENGINE_ARCHITECTURE.md Part BQ),3-4-3,4-3-3,0-2,even,hold_shape,4-3-3_mid_block,progression,high,SC00091,F,0.64,possession_football,total_football,3-4-3_possession_shape
"[""pass"", ""dribble"", ""cross"", ""switch"", ""recycle""]",Z7,dribble,re-evaluate via counterfactual simulation (03_DECISION_ENGINE_ARCHITECTURE.md Part BQ),4-3-3,3-4-3,2-1,attacker_plus_1,shift_across,3-4-3_mid_block,shot_created,high,SC00092,F,0.12,high_press,total_football,4-3-3_defensive_shape
"[""pass"", ""dribble"", ""cross"", ""switch"", ""recycle""]",Z6,pass,re-evaluate via counterfactual simulation (03_DECISION_ENGINE_ARCHITECTURE.md Part BQ),5-3-2,3-4-3,2-1,even,press_immediately,3-4-3_mid_block,turnover,medium,SC00093,F,0.11,possession_football,gegenpressing,5-3-2_defensive_shape
"[""pass"", ""dribble"", ""cross"", ""switch"", ""recycle""]",Z29,dribble,re-evaluate via counterfactual simulation (03_DECISION_ENGINE_ARCHITECTURE.md Part BQ),4-1-4-1,3-5-2,chase_goal,defender_plus_1,hold_shape,3-5-2_low_block,possession_reset,medium,SC00094,F,0.4,direct_football,possession_football,4-1-4-1_possession_shape
"[""pass"", ""dribble"", ""cross"", ""switch"", ""recycle""]",Z14,dribble,re-evaluate via counterfactual simulation (03_DECISION_ENGINE_ARCHITECTURE.md Part BQ),4-4-2,4-2-3-1,0-0,attacker_plus_1,recover_goal_side,4-2-3-1_mid_block,progression,low,SC00095,F,0.36,possession_football,direct_football,4-4-2_possession_shape
"[""pass"", ""dribble"", ""cross"", ""switch"", ""recycle""]",Z16,pass,re-evaluate via counterfactual simulation (03_DECISION_ENGINE_ARCHITECTURE.md Part BQ),4-3-3,3-5-2,0-2,even,double_team,3-5-2_low_block,progression,low,SC00096,F,0.65,gegenpressing,wing_play,4-3-3_possession_shape
"[""pass"", ""dribble"", ""cross"", ""switch"", ""recycle""]",Z7,dribble,re-evaluate via counterfactual simulation (03_DECISION_ENGINE_ARCHITECTURE.md Part BQ),4-1-4-1,5-3-2,must_win,defender_plus_1,hand_over_marking,5-3-2_mid_block,possession_reset,low,SC00097,F,0.39,counterattacking,positional_play,4-1-4-1_defensive_shape
"[""pass"", ""dribble"", ""cross"", ""switch"", ""recycle""]",Z3,pass,re-evaluate via counterfactual simulation (03_DECISION_ENGINE_ARCHITECTURE.md Part BQ),4-2-3-1,3-4-3,1-0,even,drop_off,3-4-3_mid_block,possession_reset,medium,SC00098,F,0.11,total_football,counterattacking,4-2-3-1_defensive_shape
"[""pass"", ""dribble"", ""cross"", ""switch"", ""recycle""]",Z16,switch,re-evaluate via counterfactual simulation (03_DECISION_ENGINE_ARCHITECTURE.md Part BQ),4-1-4-1,5-3-2,2-0,attacker_plus_1,hold_shape,5-3-2_mid_block,turnover,high,SC00099,F,0.9,tiki_taka,wing_play,4-1-4-1_defensive_shape
"[""pass"", ""dribble"", ""cross"", ""switch"", ""recycle""]",Z4,switch,re-evaluate via counterfactual simulation (03_DECISION_ENGINE_ARCHITECTURE.md Part BQ),3-5-2,5-3-2,0-0,attacker_plus_1,hand_over_marking,5-3-2_mid_block,turnover,low,SC00100,F,0.4,tiki_taka,gegenpressing,3-5-2_defensive_shape
"[""pass"", ""dribble"", ""cross"", ""switch"", ""recycle""]",Z9,switch,re-evaluate via counterfactual simulation (03_DECISION_ENGINE_ARCHITECTURE.md Part BQ),4-3-3,3-5-2,protect_lead,attacker_plus_1,recover_goal_side,3-5-2_mid_block,shot_created,high,SC00101,F,0.3,possession_football,total_football,4-3-3_defensive_shape
"[""pass"", ""dribble"", ""cross"", ""switch"", ""recycle""]",Z19,dribble,re-evaluate via counterfactual simulation (03_DECISION_ENGINE_ARCHITECTURE.md Part BQ),4-4-2,4-4-2_diamond,2-1,attacker_plus_1,recover_goal_side,4-4-2_diamond_mid_block,shot_created,low,SC00102,F,0.12,wing_play,high_press,4-4-2_defensive_shape
"[""pass"", ""dribble"", ""cross"", ""switch"", ""recycle""]",Z18,recycle,re-evaluate via counterfactual simulation (03_DECISION_ENGINE_ARCHITECTURE.md Part BQ),4-2-2-2,4-2-3-1,0-2,defender_plus_1,double_team,4-2-3-1_low_block,shot_created,medium,SC00103,F,0.48,wing_play,counterattacking,4-2-2-2_defensive_shape
"[""pass"", ""dribble"", ""cross"", ""switch"", ""recycle""]",Z14,dribble,re-evaluate via counterfactual simulation (03_DECISION_ENGINE_ARCHITECTURE.md Part BQ),3-4-3,4-4-2,protect_lead,defender_plus_1,step_up_together,4-4-2_low_block,turnover,low,SC00104,F,0.28,positional_play,possession_football,3-4-3_possession_shape
"[""pass"", ""dribble"", ""cross"", ""switch"", ""recycle""]",Z8,pass,re-evaluate via counterfactual simulation (03_DECISION_ENGINE_ARCHITECTURE.md Part BQ),3-4-3,4-3-3,1-0,attacker_plus_1,double_team,4-3-3_mid_block,possession_reset,high,SC00105,F,0.54,gegenpressing,tiki_taka,3-4-3_defensive_shape
"[""pass"", ""dribble"", ""cross"", ""switch"", ""recycle""]",Z2,recycle,re-evaluate via counterfactual simulation (03_DECISION_ENGINE_ARCHITECTURE.md Part BQ),4-2-3-1,4-4-2_diamond,0-2,attacker_plus_1,hold_shape,4-4-2_diamond_low_block,turnover,low,SC00106,F,0.14,wing_play,high_press,4-2-3-1_possession_shape
"[""pass"", ""dribble"", ""cross"", ""switch"", ""recycle""]",Z1,switch,re-evaluate via counterfactual simulation (03_DECISION_ENGINE_ARCHITECTURE.md Part BQ),3-5-2,4-4-2,0-1,attacker_plus_1,step_up_together,4-4-2_mid_block,progression,medium,SC00107,F,0.75,low_block,positional_play,3-5-2_possession_shape
"[""pass"", ""dribble"", ""cross"", ""switch"", ""recycle""]",Z21,recycle,re-evaluate via counterfactual simulation (03_DECISION_ENGINE_ARCHITECTURE.md Part BQ),4-2-3-1,4-4-2,chase_goal,attacker_plus_1,hand_over_marking,4-4-2_low_block,progression,high,SC00108,F,0.73,possession_football,low_block,4-2-3-1_possession_shape
"[""pass"", ""dribble"", ""cross"", ""switch"", ""recycle""]",Z26,recycle,re-evaluate via counterfactual simulation (03_DECISION_ENGINE_ARCHITECTURE.md Part BQ),3-4-3,4-3-3,1-0,even,double_team,4-3-3_low_block,possession_reset,low,SC00109,F,0.34,low_block,high_press,3-4-3_defensive_shape
"[""pass"", ""dribble"", ""cross"", ""switch"", ""recycle""]",Z13,dribble,re-evaluate via counterfactual simulation (03_DECISION_ENGINE_ARCHITECTURE.md Part BQ),3-4-3,5-3-2,chase_goal,even,hold_shape,5-3-2_mid_block,progression,medium,SC00110,F,0.33,high_press,counterattacking,3-4-3_defensive_shape
"[""pass"", ""dribble"", ""cross"", ""switch"", ""recycle""]",Z7,pass,re-evaluate via counterfactual simulation (03_DECISION_ENGINE_ARCHITECTURE.md Part BQ),4-2-3-1,5-3-2,1-2,defender_plus_1,double_team,5-3-2_mid_block,possession_reset,high,SC00111,F,0.25,positional_play,high_press,4-2-3-1_possession_shape
"[""pass"", ""dribble"", ""cross"", ""switch"", ""recycle""]",Z26,pass,re-evaluate via counterfactual simulation (03_DECISION_ENGINE_ARCHITECTURE.md Part BQ),4-4-2,5-3-2,protect_lead,defender_plus_1,drop_off,5-3-2_mid_block,progression,high,SC00112,F,0.43,gegenpressing,high_press,4-4-2_possession_shape
"[""pass"", ""dribble"", ""cross"", ""switch"", ""recycle""]",Z12,cross,re-evaluate via counterfactual simulation (03_DECISION_ENGINE_ARCHITECTURE.md Part BQ),5-3-2,4-1-4-1,must_win,attacker_plus_1,shift_across,4-1-4-1_mid_block,turnover,low,SC00113,F,0.64,counterattacking,tiki_taka,5-3-2_possession_shape
"[""pass"", ""dribble"", ""cross"", ""switch"", ""recycle""]",Z26,dribble,re-evaluate via counterfactual simulation (03_DECISION_ENGINE_ARCHITECTURE.md Part BQ),4-1-4-1,4-4-2_diamond,0-0,even,shift_across,4-4-2_diamond_mid_block,turnover,medium,SC00114,F,0.65,low_block,gegenpressing,4-1-4-1_defensive_shape
"[""pass"", ""dribble"", ""cross"", ""switch"", ""recycle""]",Z27,switch,re-evaluate via counterfactual simulation (03_DECISION_ENGINE_ARCHITECTURE.md Part BQ),4-1-4-1,4-4-2,1-0,even,hold_shape,4-4-2_mid_block,turnover,low,SC00115,F,0.88,wing_play,positional_play,4-1-4-1_possession_shape
"[""pass"", ""dribble"", ""cross"", ""switch"", ""recycle""]",Z23,cross,re-evaluate via counterfactual simulation (03_DECISION_ENGINE_ARCHITECTURE.md Part BQ),3-5-2,3-1-4-2,protect_lead,attacker_plus_1,shift_across,3-1-4-2_low_block,turnover,low,SC00116,F,0.47,direct_football,gegenpressing,3-5-2_possession_shape
"[""pass"", ""dribble"", ""cross"", ""switch"", ""recycle""]",Z18,cross,re-evaluate via counterfactual simulation (03_DECISION_ENGINE_ARCHITECTURE.md Part BQ),4-1-4-1,3-4-3,must_win,defender_plus_1,shift_across,3-4-3_mid_block,progression,low,SC00117,F,0.82,possession_football,counterattacking,4-1-4-1_defensive_shape
"[""pass"", ""dribble"", ""cross"", ""switch"", ""recycle""]",Z8,switch,re-evaluate via counterfactual simulation (03_DECISION_ENGINE_ARCHITECTURE.md Part BQ),3-5-2,4-2-3-1,2-0,even,recover_goal_side,4-2-3-1_mid_block,progression,low,SC00118,F,0.85,direct_football,wing_play,3-5-2_defensive_shape
"[""pass"", ""dribble"", ""cross"", ""switch"", ""recycle""]",Z8,pass,re-evaluate via counterfactual simulation (03_DECISION_ENGINE_ARCHITECTURE.md Part BQ),3-5-2,4-2-2-2,0-1,even,drop_off,4-2-2-2_mid_block,turnover,low,SC00119,F,0.5,positional_play,total_football,3-5-2_possession_shape
"[""pass"", ""dribble"", ""cross"", ""switch"", ""recycle""]",Z28,pass,re-evaluate via counterfactual simulation (03_DECISION_ENGINE_ARCHITECTURE.md Part BQ),4-3-3,3-4-3,protect_lead,attacker_plus_1,shift_across,3-4-3_low_block,progression,low,SC00120,F,0.19,counterattacking,positional_play,4-3-3_possession_shape
"[""pass"", ""dribble"", ""cross"", ""switch"", ""recycle""]",Z29,pass,re-evaluate via counterfactual simulation (03_DECISION_ENGINE_ARCHITECTURE.md Part BQ),4-3-3,4-1-4-1,0-2,attacker_plus_1,shift_across,4-1-4-1_mid_block,possession_reset,high,SC00121,F,0.79,counterattacking,positional_play,4-3-3_defensive_shape
"[""pass"", ""dribble"", ""cross"", ""switch"", ""recycle""]",Z9,cross,re-evaluate via counterfactual simulation (03_DECISION_ENGINE_ARCHITECTURE.md Part BQ),3-4-3,4-3-3,protect_lead,defender_plus_1,hand_over_marking,4-3-3_mid_block,shot_created,low,SC00122,F,0.15,tiki_taka,counterattacking,3-4-3_possession_shape
"[""pass"", ""dribble"", ""cross"", ""switch"", ""recycle""]",Z29,cross,re-evaluate via counterfactual simulation (03_DECISION_ENGINE_ARCHITECTURE.md Part BQ),3-1-4-2,4-3-3,0-2,attacker_plus_1,shift_across,4-3-3_low_block,progression,low,SC00123,F,0.66,direct_football,low_block,3-1-4-2_possession_shape
"[""pass"", ""dribble"", ""cross"", ""switch"", ""recycle""]",Z5,dribble,re-evaluate via counterfactual simulation (03_DECISION_ENGINE_ARCHITECTURE.md Part BQ),5-3-2,4-4-2_diamond,protect_lead,attacker_plus_1,hand_over_marking,4-4-2_diamond_low_block,shot_created,medium,SC00124,F,0.67,wing_play,total_football,5-3-2_possession_shape
"[""pass"", ""dribble"", ""cross"", ""switch"", ""recycle""]",Z6,cross,re-evaluate via counterfactual simulation (03_DECISION_ENGINE_ARCHITECTURE.md Part BQ),4-2-3-1,3-1-4-2,0-1,defender_plus_1,recover_goal_side,3-1-4-2_low_block,possession_reset,high,SC00125,F,0.59,high_press,possession_football,4-2-3-1_defensive_shape
"[""pass"", ""dribble"", ""cross"", ""switch"", ""recycle""]",Z25,pass,re-evaluate via counterfactual simulation (03_DECISION_ENGINE_ARCHITECTURE.md Part BQ),3-4-3,4-3-3,0-2,attacker_plus_1,shift_across,4-3-3_low_block,shot_created,high,SC00126,F,0.67,direct_football,positional_play,3-4-3_defensive_shape
"[""pass"", ""dribble"", ""cross"", ""switch"", ""recycle""]",Z5,cross,re-evaluate via counterfactual simulation (03_DECISION_ENGINE_ARCHITECTURE.md Part BQ),4-1-4-1,4-4-2,must_win,attacker_plus_1,hold_shape,4-4-2_low_block,possession_reset,low,SC00127,F,0.47,possession_football,tiki_taka,4-1-4-1_possession_shape
"[""pass"", ""dribble"", ""cross"", ""switch"", ""recycle""]",Z13,recycle,re-evaluate via counterfactual simulation (03_DECISION_ENGINE_ARCHITECTURE.md Part BQ),4-4-2_diamond,4-2-2-2,1-0,attacker_plus_1,hold_shape,4-2-2-2_low_block,turnover,medium,SC00128,F,0.68,high_press,counterattacking,4-4-2_diamond_possession_shape
"[""pass"", ""dribble"", ""cross"", ""switch"", ""recycle""]",Z2,switch,re-evaluate via counterfactual simulation (03_DECISION_ENGINE_ARCHITECTURE.md Part BQ),4-2-2-2,4-4-2,1-2,even,double_team,4-4-2_mid_block,progression,low,SC00129,F,0.55,total_football,low_block,4-2-2-2_defensive_shape
"[""pass"", ""dribble"", ""cross"", ""switch"", ""recycle""]",Z11,switch,re-evaluate via counterfactual simulation (03_DECISION_ENGINE_ARCHITECTURE.md Part BQ),4-1-4-1,5-3-2,2-1,defender_plus_1,double_team,5-3-2_low_block,progression,medium,SC00130,F,0.83,direct_football,high_press,4-1-4-1_defensive_shape
"[""pass"", ""dribble"", ""cross"", ""switch"", ""recycle""]",Z1,pass,re-evaluate via counterfactual simulation (03_DECISION_ENGINE_ARCHITECTURE.md Part BQ),4-2-3-1,3-4-3,0-0,even,double_team,3-4-3_mid_block,shot_created,high,SC00131,F,0.78,total_football,high_press,4-2-3-1_possession_shape
"[""pass"", ""dribble"", ""cross"", ""switch"", ""recycle""]",Z11,cross,re-evaluate via counterfactual simulation (03_DECISION_ENGINE_ARCHITECTURE.md Part BQ),4-4-2_diamond,3-4-3,protect_lead,attacker_plus_1,double_team,3-4-3_low_block,progression,high,SC00132,F,0.42,gegenpressing,counterattacking,4-4-2_diamond_possession_shape
"[""pass"", ""dribble"", ""cross"", ""switch"", ""recycle""]",Z5,cross,re-evaluate via counterfactual simulation (03_DECISION_ENGINE_ARCHITECTURE.md Part BQ),4-2-3-1,5-3-2,2-1,attacker_plus_1,recover_goal_side,5-3-2_mid_block,progression,low,SC00133,F,0.89,tiki_taka,direct_football,4-2-3-1_possession_shape
"[""pass"", ""dribble"", ""cross"", ""switch"", ""recycle""]",Z14,dribble,re-evaluate via counterfactual simulation (03_DECISION_ENGINE_ARCHITECTURE.md Part BQ),5-3-2,4-2-3-1,1-0,even,drop_off,4-2-3-1_mid_block,turnover,medium,SC00134,F,0.22,low_block,wing_play,5-3-2_defensive_shape
"[""pass"", ""dribble"", ""cross"", ""switch"", ""recycle""]",Z1,cross,re-evaluate via counterfactual simulation (03_DECISION_ENGINE_ARCHITECTURE.md Part BQ),4-1-4-1,3-1-4-2,chase_goal,even,shift_across,3-1-4-2_low_block,turnover,high,SC00135,F,0.62,counterattacking,tiki_taka,4-1-4-1_defensive_shape
"[""pass"", ""dribble"", ""cross"", ""switch"", ""recycle""]",Z30,cross,re-evaluate via counterfactual simulation (03_DECISION_ENGINE_ARCHITECTURE.md Part BQ),4-2-3-1,3-5-2,protect_lead,even,hold_shape,3-5-2_low_block,turnover,low,SC00136,F,0.27,tiki_taka,wing_play,4-2-3-1_defensive_shape
"[""pass"", ""dribble"", ""cross"", ""switch"", ""recycle""]",Z15,switch,re-evaluate via counterfactual simulation (03_DECISION_ENGINE_ARCHITECTURE.md Part BQ),3-1-4-2,4-2-3-1,chase_goal,even,double_team,4-2-3-1_low_block,turnover,low,SC00137,F,0.83,counterattacking,positional_play,3-1-4-2_possession_shape
"[""pass"", ""dribble"", ""cross"", ""switch"", ""recycle""]",Z24,dribble,re-evaluate via counterfactual simulation (03_DECISION_ENGINE_ARCHITECTURE.md Part BQ),4-4-2,4-2-3-1,chase_goal,even,hand_over_marking,4-2-3-1_mid_block,turnover,high,SC00138,F,0.23,positional_play,counterattacking,4-4-2_defensive_shape
"[""pass"", ""dribble"", ""cross"", ""switch"", ""recycle""]",Z11,dribble,re-evaluate via counterfactual simulation (03_DECISION_ENGINE_ARCHITECTURE.md Part BQ),5-3-2,3-1-4-2,0-2,defender_plus_1,recover_goal_side,3-1-4-2_mid_block,turnover,high,SC00139,F,0.79,positional_play,possession_football,5-3-2_defensive_shape
"[""pass"", ""dribble"", ""cross"", ""switch"", ""recycle""]",Z10,cross,re-evaluate via counterfactual simulation (03_DECISION_ENGINE_ARCHITECTURE.md Part BQ),4-2-3-1,4-3-3,0-1,defender_plus_1,press_immediately,4-3-3_mid_block,turnover,high,SC00140,F,0.58,high_press,tiki_taka,4-2-3-1_defensive_shape
"[""pass"", ""dribble"", ""cross"", ""switch"", ""recycle""]",Z16,cross,re-evaluate via counterfactual simulation (03_DECISION_ENGINE_ARCHITECTURE.md Part BQ),4-2-2-2,4-4-2,chase_goal,defender_plus_1,hold_shape,4-4-2_low_block,possession_reset,high,SC00141,F,0.6,total_football,direct_football,4-2-2-2_defensive_shape
"[""pass"", ""dribble"", ""cross"", ""switch"", ""recycle""]",Z26,dribble,re-evaluate via counterfactual simulation (03_DECISION_ENGINE_ARCHITECTURE.md Part BQ),3-1-4-2,4-1-4-1,protect_lead,even,step_up_together,4-1-4-1_low_block,progression,medium,SC00142,F,0.78,gegenpressing,positional_play,3-1-4-2_defensive_shape
"[""pass"", ""dribble"", ""cross"", ""switch"", ""recycle""]",Z13,cross,re-evaluate via counterfactual simulation (03_DECISION_ENGINE_ARCHITECTURE.md Part BQ),3-4-3,3-1-4-2,must_win,even,hold_shape,3-1-4-2_mid_block,progression,medium,SC00143,F,0.11,total_football,high_press,3-4-3_possession_shape
"[""pass"", ""dribble"", ""cross"", ""switch"", ""recycle""]",Z28,cross,re-evaluate via counterfactual simulation (03_DECISION_ENGINE_ARCHITECTURE.md Part BQ),5-3-2,3-1-4-2,0-1,attacker_plus_1,press_immediately,3-1-4-2_mid_block,turnover,medium,SC00144,F,0.27,tiki_taka,gegenpressing,5-3-2_defensive_shape
"[""pass"", ""dribble"", ""cross"", ""switch"", ""recycle""]",Z9,recycle,re-evaluate via counterfactual simulation (03_DECISION_ENGINE_ARCHITECTURE.md Part BQ),4-1-4-1,3-5-2,0-0,attacker_plus_1,hand_over_marking,3-5-2_low_block,turnover,low,SC00145,F,0.44,gegenpressing,direct_football,4-1-4-1_defensive_shape
"[""pass"", ""dribble"", ""cross"", ""switch"", ""recycle""]",Z10,pass,re-evaluate via counterfactual simulation (03_DECISION_ENGINE_ARCHITECTURE.md Part BQ),4-1-4-1,4-3-3,protect_lead,even,recover_goal_side,4-3-3_mid_block,possession_reset,low,SC00146,F,0.45,counterattacking,direct_football,4-1-4-1_defensive_shape
"[""pass"", ""dribble"", ""cross"", ""switch"", ""recycle""]",Z26,recycle,re-evaluate via counterfactual simulation (03_DECISION_ENGINE_ARCHITECTURE.md Part BQ),4-4-2,4-3-3,chase_goal,defender_plus_1,press_immediately,4-3-3_low_block,progression,high,SC00147,F,0.33,gegenpressing,wing_play,4-4-2_possession_shape
"[""pass"", ""dribble"", ""cross"", ""switch"", ""recycle""]",Z16,switch,re-evaluate via counterfactual simulation (03_DECISION_ENGINE_ARCHITECTURE.md Part BQ),4-1-4-1,4-2-2-2,1-2,even,hand_over_marking,4-2-2-2_mid_block,progression,medium,SC00148,F,0.52,wing_play,positional_play,4-1-4-1_possession_shape
"[""pass"", ""dribble"", ""cross"", ""switch"", ""recycle""]",Z25,cross,re-evaluate via counterfactual simulation (03_DECISION_ENGINE_ARCHITECTURE.md Part BQ),4-2-3-1,4-4-2,must_win,even,hand_over_marking,4-4-2_low_block,progression,high,SC00149,F,0.87,direct_football,tiki_taka,4-2-3-1_possession_shape
"[""pass"", ""dribble"", ""cross"", ""switch"", ""recycle""]",Z28,cross,re-evaluate via counterfactual simulation (03_DECISION_ENGINE_ARCHITECTURE.md Part BQ),4-2-2-2,4-1-4-1,1-0,attacker_plus_1,recover_goal_side,4-1-4-1_low_block,shot_created,low,SC00150,F,0.52,direct_football,possession_football,4-2-2-2_defensive_shape
"[""pass"", ""dribble"", ""cross"", ""switch"", ""recycle""]",Z22,pass,re-evaluate via counterfactual simulation (03_DECISION_ENGINE_ARCHITECTURE.md Part BQ),3-1-4-2,4-3-3,0-2,attacker_plus_1,drop_off,4-3-3_mid_block,shot_created,low,SC00151,F,0.86,low_block,high_press,3-1-4-2_possession_shape
"[""pass"", ""dribble"", ""cross"", ""switch"", ""recycle""]",Z26,cross,re-evaluate via counterfactual simulation (03_DECISION_ENGINE_ARCHITECTURE.md Part BQ),3-1-4-2,4-2-2-2,chase_goal,defender_plus_1,drop_off,4-2-2-2_low_block,possession_reset,low,SC00152,F,0.21,counterattacking,wing_play,3-1-4-2_defensive_shape
"[""pass"", ""dribble"", ""cross"", ""switch"", ""recycle""]",Z25,pass,re-evaluate via counterfactual simulation (03_DECISION_ENGINE_ARCHITECTURE.md Part BQ),3-1-4-2,4-4-2,must_win,even,recover_goal_side,4-4-2_mid_block,progression,medium,SC00153,F,0.51,direct_football,high_press,3-1-4-2_possession_shape
"[""pass"", ""dribble"", ""cross"", ""switch"", ""recycle""]",Z24,recycle,re-evaluate via counterfactual simulation (03_DECISION_ENGINE_ARCHITECTURE.md Part BQ),3-4-3,4-4-2_diamond,0-1,even,recover_goal_side,4-4-2_diamond_mid_block,progression,medium,SC00154,F,0.89,gegenpressing,direct_football,3-4-3_defensive_shape
"[""pass"", ""dribble"", ""cross"", ""switch"", ""recycle""]",Z18,recycle,re-evaluate via counterfactual simulation (03_DECISION_ENGINE_ARCHITECTURE.md Part BQ),4-2-3-1,4-1-4-1,protect_lead,attacker_plus_1,double_team,4-1-4-1_mid_block,shot_created,high,SC00155,F,0.42,wing_play,positional_play,4-2-3-1_defensive_shape
"[""pass"", ""dribble"", ""cross"", ""switch"", ""recycle""]",Z3,dribble,re-evaluate via counterfactual simulation (03_DECISION_ENGINE_ARCHITECTURE.md Part BQ),4-1-4-1,3-1-4-2,2-1,attacker_plus_1,step_up_together,3-1-4-2_mid_block,turnover,high,SC00156,F,0.19,total_football,wing_play,4-1-4-1_defensive_shape
"[""pass"", ""dribble"", ""cross"", ""switch"", ""recycle""]",Z3,dribble,re-evaluate via counterfactual simulation (03_DECISION_ENGINE_ARCHITECTURE.md Part BQ),4-2-3-1,4-4-2_diamond,protect_lead,even,drop_off,4-4-2_diamond_low_block,progression,high,SC00157,F,0.49,wing_play,direct_football,4-2-3-1_defensive_shape
"[""pass"", ""dribble"", ""cross"", ""switch"", ""recycle""]",Z25,cross,re-evaluate via counterfactual simulation (03_DECISION_ENGINE_ARCHITECTURE.md Part BQ),4-1-4-1,4-4-2,protect_lead,attacker_plus_1,hold_shape,4-4-2_mid_block,turnover,low,SC00158,F,0.88,positional_play,total_football,4-1-4-1_defensive_shape
"[""pass"", ""dribble"", ""cross"", ""switch"", ""recycle""]",Z16,dribble,re-evaluate via counterfactual simulation (03_DECISION_ENGINE_ARCHITECTURE.md Part BQ),3-1-4-2,4-1-4-1,2-0,even,hold_shape,4-1-4-1_mid_block,possession_reset,low,SC00159,F,0.21,tiki_taka,counterattacking,3-1-4-2_possession_shape
"[""pass"", ""dribble"", ""cross"", ""switch"", ""recycle""]",Z25,recycle,re-evaluate via counterfactual simulation (03_DECISION_ENGINE_ARCHITECTURE.md Part BQ),4-1-4-1,4-4-2_diamond,1-2,even,recover_goal_side,4-4-2_diamond_mid_block,turnover,low,SC00160,F,0.87,counterattacking,gegenpressing,4-1-4-1_defensive_shape
"[""pass"", ""dribble"", ""cross"", ""switch"", ""recycle""]",Z14,dribble,re-evaluate via counterfactual simulation (03_DECISION_ENGINE_ARCHITECTURE.md Part BQ),4-4-2_diamond,4-4-2,protect_lead,even,shift_across,4-4-2_low_block,progression,low,SC00161,F,0.83,tiki_taka,low_block,4-4-2_diamond_defensive_shape
"[""pass"", ""dribble"", ""cross"", ""switch"", ""recycle""]",Z10,dribble,re-evaluate via counterfactual simulation (03_DECISION_ENGINE_ARCHITECTURE.md Part BQ),5-3-2,3-4-3,1-0,defender_plus_1,shift_across,3-4-3_mid_block,shot_created,low,SC00162,F,0.28,low_block,direct_football,5-3-2_defensive_shape
"[""pass"", ""dribble"", ""cross"", ""switch"", ""recycle""]",Z19,recycle,re-evaluate via counterfactual simulation (03_DECISION_ENGINE_ARCHITECTURE.md Part BQ),5-3-2,3-5-2,1-0,defender_plus_1,step_up_together,3-5-2_mid_block,shot_created,low,SC00163,F,0.61,possession_football,positional_play,5-3-2_defensive_shape
"[""pass"", ""dribble"", ""cross"", ""switch"", ""recycle""]",Z5,recycle,re-evaluate via counterfactual simulation (03_DECISION_ENGINE_ARCHITECTURE.md Part BQ),4-4-2_diamond,3-5-2,must_win,attacker_plus_1,press_immediately,3-5-2_mid_block,progression,low,SC00164,F,0.3,wing_play,total_football,4-4-2_diamond_possession_shape
"[""pass"", ""dribble"", ""cross"", ""switch"", ""recycle""]",Z30,recycle,re-evaluate via counterfactual simulation (03_DECISION_ENGINE_ARCHITECTURE.md Part BQ),4-3-3,5-3-2,protect_lead,defender_plus_1,drop_off,5-3-2_mid_block,possession_reset,high,SC00165,F,0.3,total_football,high_press,4-3-3_defensive_shape
"[""pass"", ""dribble"", ""cross"", ""switch"", ""recycle""]",Z17,recycle,re-evaluate via counterfactual simulation (03_DECISION_ENGINE_ARCHITECTURE.md Part BQ),5-3-2,4-1-4-1,1-2,attacker_plus_1,press_immediately,4-1-4-1_mid_block,shot_created,high,SC00166,F,0.61,direct_football,counterattacking,5-3-2_defensive_shape
"[""pass"", ""dribble"", ""cross"", ""switch"", ""recycle""]",Z10,recycle,re-evaluate via counterfactual simulation (03_DECISION_ENGINE_ARCHITECTURE.md Part BQ),3-4-3,4-4-2_diamond,2-0,even,recover_goal_side,4-4-2_diamond_low_block,progression,low,SC00167,F,0.65,counterattacking,wing_play,3-4-3_possession_shape
"[""pass"", ""dribble"", ""cross"", ""switch"", ""recycle""]",Z23,switch,re-evaluate via counterfactual simulation (03_DECISION_ENGINE_ARCHITECTURE.md Part BQ),4-4-2,3-1-4-2,0-2,attacker_plus_1,hand_over_marking,3-1-4-2_mid_block,shot_created,high,SC00168,F,0.43,possession_football,low_block,4-4-2_possession_shape
"[""pass"", ""dribble"", ""cross"", ""switch"", ""recycle""]",Z16,cross,re-evaluate via counterfactual simulation (03_DECISION_ENGINE_ARCHITECTURE.md Part BQ),3-1-4-2,3-4-3,0-1,attacker_plus_1,drop_off,3-4-3_mid_block,shot_created,medium,SC00169,F,0.35,positional_play,wing_play,3-1-4-2_defensive_shape
"[""pass"", ""dribble"", ""cross"", ""switch"", ""recycle""]",Z29,recycle,re-evaluate via counterfactual simulation (03_DECISION_ENGINE_ARCHITECTURE.md Part BQ),4-4-2_diamond,4-2-3-1,chase_goal,defender_plus_1,hand_over_marking,4-2-3-1_mid_block,turnover,low,SC00170,F,0.1,counterattacking,gegenpressing,4-4-2_diamond_defensive_shape
"[""pass"", ""dribble"", ""cross"", ""switch"", ""recycle""]",Z1,cross,re-evaluate via counterfactual simulation (03_DECISION_ENGINE_ARCHITECTURE.md Part BQ),4-3-3,3-5-2,chase_goal,attacker_plus_1,drop_off,3-5-2_mid_block,turnover,low,SC00171,F,0.35,tiki_taka,direct_football,4-3-3_defensive_shape
"[""pass"", ""dribble"", ""cross"", ""switch"", ""recycle""]",Z9,pass,re-evaluate via counterfactual simulation (03_DECISION_ENGINE_ARCHITECTURE.md Part BQ),4-4-2_diamond,5-3-2,1-0,attacker_plus_1,hold_shape,5-3-2_low_block,turnover,medium,SC00172,F,0.64,gegenpressing,low_block,4-4-2_diamond_possession_shape
"[""pass"", ""dribble"", ""cross"", ""switch"", ""recycle""]",Z26,dribble,re-evaluate via counterfactual simulation (03_DECISION_ENGINE_ARCHITECTURE.md Part BQ),4-2-3-1,4-1-4-1,2-1,defender_plus_1,step_up_together,4-1-4-1_low_block,possession_reset,low,SC00173,F,0.19,total_football,high_press,4-2-3-1_defensive_shape
"[""pass"", ""dribble"", ""cross"", ""switch"", ""recycle""]",Z5,switch,re-evaluate via counterfactual simulation (03_DECISION_ENGINE_ARCHITECTURE.md Part BQ),3-4-3,4-2-3-1,2-1,even,hand_over_marking,4-2-3-1_mid_block,shot_created,high,SC00174,F,0.12,high_press,counterattacking,3-4-3_defensive_shape
"[""pass"", ""dribble"", ""cross"", ""switch"", ""recycle""]",Z12,switch,re-evaluate via counterfactual simulation (03_DECISION_ENGINE_ARCHITECTURE.md Part BQ),3-4-3,3-1-4-2,chase_goal,even,recover_goal_side,3-1-4-2_low_block,turnover,low,SC00175,F,0.81,total_football,low_block,3-4-3_defensive_shape
"[""pass"", ""dribble"", ""cross"", ""switch"", ""recycle""]",Z30,dribble,re-evaluate via counterfactual simulation (03_DECISION_ENGINE_ARCHITECTURE.md Part BQ),4-1-4-1,3-4-3,1-0,attacker_plus_1,hand_over_marking,3-4-3_mid_block,shot_created,high,SC00176,F,0.29,positional_play,counterattacking,4-1-4-1_possession_shape
"[""pass"", ""dribble"", ""cross"", ""switch"", ""recycle""]",Z10,switch,re-evaluate via counterfactual simulation (03_DECISION_ENGINE_ARCHITECTURE.md Part BQ),4-2-2-2,4-4-2_diamond,1-0,even,press_immediately,4-4-2_diamond_low_block,turnover,low,SC00177,F,0.89,low_block,tiki_taka,4-2-2-2_possession_shape
"[""pass"", ""dribble"", ""cross"", ""switch"", ""recycle""]",Z23,pass,re-evaluate via counterfactual simulation (03_DECISION_ENGINE_ARCHITECTURE.md Part BQ),3-4-3,3-5-2,0-0,attacker_plus_1,drop_off,3-5-2_low_block,turnover,high,SC00178,F,0.36,gegenpressing,wing_play,3-4-3_defensive_shape
"[""pass"", ""dribble"", ""cross"", ""switch"", ""recycle""]",Z11,pass,re-evaluate via counterfactual simulation (03_DECISION_ENGINE_ARCHITECTURE.md Part BQ),4-3-3,3-4-3,must_win,attacker_plus_1,drop_off,3-4-3_low_block,possession_reset,low,SC00179,F,0.28,tiki_taka,total_football,4-3-3_defensive_shape
"[""pass"", ""dribble"", ""cross"", ""switch"", ""recycle""]",Z12,recycle,re-evaluate via counterfactual simulation (03_DECISION_ENGINE_ARCHITECTURE.md Part BQ),4-2-3-1,3-5-2,0-2,even,hand_over_marking,3-5-2_mid_block,shot_created,high,SC00180,F,0.11,tiki_taka,low_block,4-2-3-1_defensive_shape
"[""pass"", ""dribble"", ""cross"", ""switch"", ""recycle""]",Z18,pass,re-evaluate via counterfactual simulation (03_DECISION_ENGINE_ARCHITECTURE.md Part BQ),3-4-3,4-3-3,chase_goal,even,shift_across,4-3-3_mid_block,turnover,low,SC00181,F,0.41,high_press,positional_play,3-4-3_defensive_shape
"[""pass"", ""dribble"", ""cross"", ""switch"", ""recycle""]",Z20,dribble,re-evaluate via counterfactual simulation (03_DECISION_ENGINE_ARCHITECTURE.md Part BQ),4-3-3,4-4-2,chase_goal,attacker_plus_1,hold_shape,4-4-2_low_block,shot_created,high,SC00182,F,0.55,wing_play,high_press,4-3-3_defensive_shape
"[""pass"", ""dribble"", ""cross"", ""switch"", ""recycle""]",Z22,recycle,re-evaluate via counterfactual simulation (03_DECISION_ENGINE_ARCHITECTURE.md Part BQ),3-4-3,4-2-3-1,chase_goal,attacker_plus_1,drop_off,4-2-3-1_low_block,turnover,low,SC00183,F,0.79,direct_football,counterattacking,3-4-3_possession_shape
"[""pass"", ""dribble"", ""cross"", ""switch"", ""recycle""]",Z28,dribble,re-evaluate via counterfactual simulation (03_DECISION_ENGINE_ARCHITECTURE.md Part BQ),4-1-4-1,4-3-3,0-1,defender_plus_1,double_team,4-3-3_low_block,possession_reset,medium,SC00184,F,0.26,low_block,tiki_taka,4-1-4-1_defensive_shape
"[""pass"", ""dribble"", ""cross"", ""switch"", ""recycle""]",Z27,pass,re-evaluate via counterfactual simulation (03_DECISION_ENGINE_ARCHITECTURE.md Part BQ),3-5-2,4-4-2,protect_lead,even,shift_across,4-4-2_low_block,turnover,low,SC00185,F,0.68,total_football,possession_football,3-5-2_possession_shape
"[""pass"", ""dribble"", ""cross"", ""switch"", ""recycle""]",Z3,switch,re-evaluate via counterfactual simulation (03_DECISION_ENGINE_ARCHITECTURE.md Part BQ),3-5-2,4-3-3,must_win,attacker_plus_1,double_team,4-3-3_mid_block,progression,high,SC00186,F,0.35,wing_play,possession_football,3-5-2_possession_shape
"[""pass"", ""dribble"", ""cross"", ""switch"", ""recycle""]",Z29,switch,re-evaluate via counterfactual simulation (03_DECISION_ENGINE_ARCHITECTURE.md Part BQ),3-1-4-2,4-2-2-2,must_win,defender_plus_1,drop_off,4-2-2-2_mid_block,possession_reset,medium,SC00187,F,0.85,possession_football,direct_football,3-1-4-2_possession_shape
"[""pass"", ""dribble"", ""cross"", ""switch"", ""recycle""]",Z24,pass,re-evaluate via counterfactual simulation (03_DECISION_ENGINE_ARCHITECTURE.md Part BQ),4-2-3-1,4-4-2,chase_goal,defender_plus_1,hand_over_marking,4-4-2_mid_block,turnover,low,SC00188,F,0.24,gegenpressing,positional_play,4-2-3-1_defensive_shape
"[""pass"", ""dribble"", ""cross"", ""switch"", ""recycle""]",Z18,pass,re-evaluate via counterfactual simulation (03_DECISION_ENGINE_ARCHITECTURE.md Part BQ),4-4-2,4-2-2-2,0-1,defender_plus_1,recover_goal_side,4-2-2-2_mid_block,shot_created,medium,SC00189,F,0.86,direct_football,high_press,4-4-2_defensive_shape
"[""pass"", ""dribble"", ""cross"", ""switch"", ""recycle""]",Z9,cross,re-evaluate via counterfactual simulation (03_DECISION_ENGINE_ARCHITECTURE.md Part BQ),4-3-3,3-5-2,0-2,even,shift_across,3-5-2_low_block,possession_reset,medium,SC00190,F,0.8,wing_play,total_football,4-3-3_defensive_shape
"[""pass"", ""dribble"", ""cross"", ""switch"", ""recycle""]",Z1,pass,re-evaluate via counterfactual simulation (03_DECISION_ENGINE_ARCHITECTURE.md Part BQ),4-2-2-2,5-3-2,chase_goal,defender_plus_1,double_team,5-3-2_low_block,turnover,low,SC00191,F,0.22,possession_football,low_block,4-2-2-2_defensive_shape
"[""pass"", ""dribble"", ""cross"", ""switch"", ""recycle""]",Z6,dribble,re-evaluate via counterfactual simulation (03_DECISION_ENGINE_ARCHITECTURE.md Part BQ),4-4-2_diamond,3-1-4-2,0-1,attacker_plus_1,double_team,3-1-4-2_low_block,shot_created,high,SC00192,F,0.57,total_football,direct_football,4-4-2_diamond_defensive_shape
"[""pass"", ""dribble"", ""cross"", ""switch"", ""recycle""]",Z7,dribble,re-evaluate via counterfactual simulation (03_DECISION_ENGINE_ARCHITECTURE.md Part BQ),5-3-2,4-1-4-1,chase_goal,even,press_immediately,4-1-4-1_mid_block,progression,low,SC00193,F,0.14,wing_play,total_football,5-3-2_possession_shape
"[""pass"", ""dribble"", ""cross"", ""switch"", ""recycle""]",Z21,cross,re-evaluate via counterfactual simulation (03_DECISION_ENGINE_ARCHITECTURE.md Part BQ),4-4-2,4-2-3-1,0-2,defender_plus_1,recover_goal_side,4-2-3-1_low_block,turnover,medium,SC00194,F,0.75,low_block,gegenpressing,4-4-2_defensive_shape
"[""pass"", ""dribble"", ""cross"", ""switch"", ""recycle""]",Z22,cross,re-evaluate via counterfactual simulation (03_DECISION_ENGINE_ARCHITECTURE.md Part BQ),4-2-3-1,3-5-2,1-0,defender_plus_1,hold_shape,3-5-2_mid_block,shot_created,low,SC00195,F,0.81,positional_play,high_press,4-2-3-1_possession_shape
"[""pass"", ""dribble"", ""cross"", ""switch"", ""recycle""]",Z20,dribble,re-evaluate via counterfactual simulation (03_DECISION_ENGINE_ARCHITECTURE.md Part BQ),4-2-3-1,4-1-4-1,must_win,attacker_plus_1,shift_across,4-1-4-1_low_block,progression,high,SC00196,F,0.8,gegenpressing,total_football,4-2-3-1_possession_shape
"[""pass"", ""dribble"", ""cross"", ""switch"", ""recycle""]",Z13,recycle,re-evaluate via counterfactual simulation (03_DECISION_ENGINE_ARCHITECTURE.md Part BQ),4-3-3,4-4-2_diamond,chase_goal,defender_plus_1,drop_off,4-4-2_diamond_low_block,possession_reset,low,SC00197,F,0.54,wing_play,counterattacking,4-3-3_defensive_shape
"[""pass"", ""dribble"", ""cross"", ""switch"", ""recycle""]",Z13,pass,re-evaluate via counterfactual simulation (03_DECISION_ENGINE_ARCHITECTURE.md Part BQ),3-4-3,3-1-4-2,chase_goal,defender_plus_1,recover_goal_side,3-1-4-2_low_block,turnover,high,SC00198,F,0.49,positional_play,direct_football,3-4-3_possession_shape
"[""pass"", ""dribble"", ""cross"", ""switch"", ""recycle""]",Z18,pass,re-evaluate via counterfactual simulation (03_DECISION_ENGINE_ARCHITECTURE.md Part BQ),4-2-2-2,5-3-2,2-1,attacker_plus_1,press_immediately,5-3-2_mid_block,turnover,low,SC00199,F,0.77,counterattacking,positional_play,4-2-2-2_defensive_shape
"[""pass"", ""dribble"", ""cross"", ""switch"", ""recycle""]",Z26,pass,re-evaluate via counterfactual simulation (03_DECISION_ENGINE_ARCHITECTURE.md Part BQ),3-4-3,4-2-3-1,0-1,attacker_plus_1,recover_goal_side,4-2-3-1_low_block,shot_created,high,SC00200,F,0.71,wing_play,total_football,3-4-3_defensive_shape
"[""pass"", ""dribble"", ""cross"", ""switch"", ""recycle""]",Z2,dribble,re-evaluate via counterfactual simulation (03_DECISION_ENGINE_ARCHITECTURE.md Part BQ),4-4-2_diamond,4-1-4-1,1-0,defender_plus_1,drop_off,4-1-4-1_mid_block,shot_created,low,SC00201,F,0.31,total_football,tiki_taka,4-4-2_diamond_possession_shape
"[""pass"", ""dribble"", ""cross"", ""switch"", ""recycle""]",Z16,cross,re-evaluate via counterfactual simulation (03_DECISION_ENGINE_ARCHITECTURE.md Part BQ),4-2-2-2,3-4-3,2-1,defender_plus_1,hand_over_marking,3-4-3_mid_block,turnover,medium,SC00202,F,0.82,positional_play,possession_football,4-2-2-2_defensive_shape
"[""pass"", ""dribble"", ""cross"", ""switch"", ""recycle""]",Z30,switch,re-evaluate via counterfactual simulation (03_DECISION_ENGINE_ARCHITECTURE.md Part BQ),4-4-2,4-2-3-1,2-1,even,recover_goal_side,4-2-3-1_mid_block,turnover,high,SC00203,F,0.53,high_press,low_block,4-4-2_defensive_shape
"[""pass"", ""dribble"", ""cross"", ""switch"", ""recycle""]",Z9,pass,re-evaluate via counterfactual simulation (03_DECISION_ENGINE_ARCHITECTURE.md Part BQ),4-2-3-1,4-3-3,2-0,attacker_plus_1,step_up_together,4-3-3_low_block,progression,high,SC00204,F,0.56,total_football,tiki_taka,4-2-3-1_possession_shape
"[""pass"", ""dribble"", ""cross"", ""switch"", ""recycle""]",Z6,cross,re-evaluate via counterfactual simulation (03_DECISION_ENGINE_ARCHITECTURE.md Part BQ),5-3-2,4-2-3-1,protect_lead,defender_plus_1,double_team,4-2-3-1_mid_block,shot_created,high,SC00205,F,0.7,tiki_taka,counterattacking,5-3-2_possession_shape
"[""pass"", ""dribble"", ""cross"", ""switch"", ""recycle""]",Z2,pass,re-evaluate via counterfactual simulation (03_DECISION_ENGINE_ARCHITECTURE.md Part BQ),4-2-3-1,4-4-2,1-0,even,drop_off,4-4-2_mid_block,turnover,low,SC00206,F,0.56,counterattacking,total_football,4-2-3-1_possession_shape
"[""pass"", ""dribble"", ""cross"", ""switch"", ""recycle""]",Z27,pass,re-evaluate via counterfactual simulation (03_DECISION_ENGINE_ARCHITECTURE.md Part BQ),4-2-2-2,3-4-3,chase_goal,defender_plus_1,hand_over_marking,3-4-3_mid_block,progression,high,SC00207,F,0.77,gegenpressing,positional_play,4-2-2-2_defensive_shape
"[""pass"", ""dribble"", ""cross"", ""switch"", ""recycle""]",Z16,cross,re-evaluate via counterfactual simulation (03_DECISION_ENGINE_ARCHITECTURE.md Part BQ),4-3-3,4-2-3-1,0-2,attacker_plus_1,step_up_together,4-2-3-1_low_block,turnover,high,SC00208,F,0.48,tiki_taka,counterattacking,4-3-3_possession_shape
"[""pass"", ""dribble"", ""cross"", ""switch"", ""recycle""]",Z29,cross,re-evaluate via counterfactual simulation (03_DECISION_ENGINE_ARCHITECTURE.md Part BQ),4-2-2-2,4-4-2,protect_lead,attacker_plus_1,shift_across,4-4-2_low_block,turnover,high,SC00209,F,0.38,positional_play,gegenpressing,4-2-2-2_possession_shape
"[""pass"", ""dribble"", ""cross"", ""switch"", ""recycle""]",Z4,dribble,re-evaluate via counterfactual simulation (03_DECISION_ENGINE_ARCHITECTURE.md Part BQ),4-2-2-2,4-3-3,chase_goal,defender_plus_1,shift_across,4-3-3_mid_block,progression,high,SC00210,F,0.56,low_block,positional_play,4-2-2-2_defensive_shape
"[""pass"", ""dribble"", ""cross"", ""switch"", ""recycle""]",Z30,dribble,re-evaluate via counterfactual simulation (03_DECISION_ENGINE_ARCHITECTURE.md Part BQ),4-4-2_diamond,3-5-2,protect_lead,attacker_plus_1,press_immediately,3-5-2_low_block,shot_created,high,SC00211,F,0.8,possession_football,gegenpressing,4-4-2_diamond_defensive_shape
"[""pass"", ""dribble"", ""cross"", ""switch"", ""recycle""]",Z5,dribble,re-evaluate via counterfactual simulation (03_DECISION_ENGINE_ARCHITECTURE.md Part BQ),4-2-3-1,4-4-2_diamond,protect_lead,even,double_team,4-4-2_diamond_mid_block,turnover,medium,SC00212,F,0.62,gegenpressing,high_press,4-2-3-1_possession_shape
"[""pass"", ""dribble"", ""cross"", ""switch"", ""recycle""]",Z13,pass,re-evaluate via counterfactual simulation (03_DECISION_ENGINE_ARCHITECTURE.md Part BQ),3-5-2,4-2-2-2,2-1,defender_plus_1,recover_goal_side,4-2-2-2_low_block,possession_reset,high,SC00213,F,0.84,direct_football,counterattacking,3-5-2_defensive_shape
"[""pass"", ""dribble"", ""cross"", ""switch"", ""recycle""]",Z5,cross,re-evaluate via counterfactual simulation (03_DECISION_ENGINE_ARCHITECTURE.md Part BQ),3-1-4-2,4-1-4-1,protect_lead,defender_plus_1,hold_shape,4-1-4-1_mid_block,shot_created,high,SC00214,F,0.83,positional_play,possession_football,3-1-4-2_possession_shape
"[""pass"", ""dribble"", ""cross"", ""switch"", ""recycle""]",Z23,cross,re-evaluate via counterfactual simulation (03_DECISION_ENGINE_ARCHITECTURE.md Part BQ),5-3-2,4-4-2_diamond,chase_goal,defender_plus_1,drop_off,4-4-2_diamond_low_block,shot_created,low,SC00215,F,0.61,direct_football,possession_football,5-3-2_defensive_shape
"[""pass"", ""dribble"", ""cross"", ""switch"", ""recycle""]",Z30,dribble,re-evaluate via counterfactual simulation (03_DECISION_ENGINE_ARCHITECTURE.md Part BQ),4-2-3-1,3-1-4-2,must_win,defender_plus_1,drop_off,3-1-4-2_low_block,progression,high,SC00216,F,0.56,counterattacking,high_press,4-2-3-1_possession_shape
"[""pass"", ""dribble"", ""cross"", ""switch"", ""recycle""]",Z8,switch,re-evaluate via counterfactual simulation (03_DECISION_ENGINE_ARCHITECTURE.md Part BQ),3-4-3,5-3-2,2-1,attacker_plus_1,drop_off,5-3-2_low_block,possession_reset,high,SC00217,F,0.77,tiki_taka,positional_play,3-4-3_defensive_shape
"[""pass"", ""dribble"", ""cross"", ""switch"", ""recycle""]",Z25,cross,re-evaluate via counterfactual simulation (03_DECISION_ENGINE_ARCHITECTURE.md Part BQ),4-3-3,4-2-3-1,0-0,even,double_team,4-2-3-1_low_block,progression,medium,SC00218,F,0.87,wing_play,high_press,4-3-3_defensive_shape
"[""pass"", ""dribble"", ""cross"", ""switch"", ""recycle""]",Z10,switch,re-evaluate via counterfactual simulation (03_DECISION_ENGINE_ARCHITECTURE.md Part BQ),4-3-3,3-1-4-2,must_win,defender_plus_1,press_immediately,3-1-4-2_low_block,progression,high,SC00219,F,0.5,gegenpressing,counterattacking,4-3-3_possession_shape
"[""pass"", ""dribble"", ""cross"", ""switch"", ""recycle""]",Z14,recycle,re-evaluate via counterfactual simulation (03_DECISION_ENGINE_ARCHITECTURE.md Part BQ),4-1-4-1,4-2-3-1,protect_lead,defender_plus_1,drop_off,4-2-3-1_mid_block,progression,high,SC00220,F,0.19,low_block,counterattacking,4-1-4-1_possession_shape
"[""pass"", ""dribble"", ""cross"", ""switch"", ""recycle""]",Z18,pass,re-evaluate via counterfactual simulation (03_DECISION_ENGINE_ARCHITECTURE.md Part BQ),4-4-2,4-2-2-2,2-1,defender_plus_1,double_team,4-2-2-2_mid_block,progression,high,SC00221,F,0.77,high_press,low_block,4-4-2_possession_shape
"[""pass"", ""dribble"", ""cross"", ""switch"", ""recycle""]",Z6,switch,re-evaluate via counterfactual simulation (03_DECISION_ENGINE_ARCHITECTURE.md Part BQ),4-4-2,3-1-4-2,1-2,defender_plus_1,hold_shape,3-1-4-2_low_block,progression,high,SC00222,F,0.8,low_block,counterattacking,4-4-2_possession_shape
"[""pass"", ""dribble"", ""cross"", ""switch"", ""recycle""]",Z23,cross,re-evaluate via counterfactual simulation (03_DECISION_ENGINE_ARCHITECTURE.md Part BQ),3-4-3,4-1-4-1,chase_goal,attacker_plus_1,shift_across,4-1-4-1_mid_block,turnover,high,SC00223,F,0.52,total_football,possession_football,3-4-3_possession_shape
"[""pass"", ""dribble"", ""cross"", ""switch"", ""recycle""]",Z19,pass,re-evaluate via counterfactual simulation (03_DECISION_ENGINE_ARCHITECTURE.md Part BQ),4-4-2,4-1-4-1,0-2,even,press_immediately,4-1-4-1_low_block,shot_created,low,SC00224,F,0.47,tiki_taka,total_football,4-4-2_defensive_shape
"[""pass"", ""dribble"", ""cross"", ""switch"", ""recycle""]",Z10,pass,re-evaluate via counterfactual simulation (03_DECISION_ENGINE_ARCHITECTURE.md Part BQ),4-2-2-2,3-1-4-2,0-2,even,hand_over_marking,3-1-4-2_mid_block,turnover,low,SC00225,F,0.17,tiki_taka,high_press,4-2-2-2_defensive_shape
"[""pass"", ""dribble"", ""cross"", ""switch"", ""recycle""]",Z20,recycle,re-evaluate via counterfactual simulation (03_DECISION_ENGINE_ARCHITECTURE.md Part BQ),5-3-2,3-4-3,0-2,attacker_plus_1,recover_goal_side,3-4-3_mid_block,possession_reset,high,SC00226,F,0.73,counterattacking,possession_football,5-3-2_defensive_shape
"[""pass"", ""dribble"", ""cross"", ""switch"", ""recycle""]",Z26,pass,re-evaluate via counterfactual simulation (03_DECISION_ENGINE_ARCHITECTURE.md Part BQ),4-4-2_diamond,4-2-3-1,1-2,defender_plus_1,recover_goal_side,4-2-3-1_low_block,possession_reset,high,SC00227,F,0.18,low_block,counterattacking,4-4-2_diamond_defensive_shape
"[""pass"", ""dribble"", ""cross"", ""switch"", ""recycle""]",Z6,pass,re-evaluate via counterfactual simulation (03_DECISION_ENGINE_ARCHITECTURE.md Part BQ),4-3-3,3-4-3,1-2,even,shift_across,3-4-3_low_block,possession_reset,low,SC00228,F,0.29,possession_football,positional_play,4-3-3_defensive_shape
"[""pass"", ""dribble"", ""cross"", ""switch"", ""recycle""]",Z12,cross,re-evaluate via counterfactual simulation (03_DECISION_ENGINE_ARCHITECTURE.md Part BQ),3-4-3,4-2-2-2,chase_goal,even,hand_over_marking,4-2-2-2_mid_block,turnover,medium,SC00229,F,0.17,positional_play,high_press,3-4-3_defensive_shape
"[""pass"", ""dribble"", ""cross"", ""switch"", ""recycle""]",Z14,switch,re-evaluate via counterfactual simulation (03_DECISION_ENGINE_ARCHITECTURE.md Part BQ),4-2-3-1,3-5-2,0-1,attacker_plus_1,recover_goal_side,3-5-2_low_block,progression,low,SC00230,F,0.18,low_block,wing_play,4-2-3-1_defensive_shape
"[""pass"", ""dribble"", ""cross"", ""switch"", ""recycle""]",Z25,pass,re-evaluate via counterfactual simulation (03_DECISION_ENGINE_ARCHITECTURE.md Part BQ),3-1-4-2,4-3-3,0-1,even,recover_goal_side,4-3-3_mid_block,progression,low,SC00231,F,0.39,gegenpressing,direct_football,3-1-4-2_possession_shape
"[""pass"", ""dribble"", ""cross"", ""switch"", ""recycle""]",Z27,pass,re-evaluate via counterfactual simulation (03_DECISION_ENGINE_ARCHITECTURE.md Part BQ),4-4-2_diamond,4-1-4-1,must_win,attacker_plus_1,hold_shape,4-1-4-1_low_block,shot_created,high,SC00232,F,0.13,gegenpressing,direct_football,4-4-2_diamond_defensive_shape
"[""pass"", ""dribble"", ""cross"", ""switch"", ""recycle""]",Z25,pass,re-evaluate via counterfactual simulation (03_DECISION_ENGINE_ARCHITECTURE.md Part BQ),3-4-3,4-4-2_diamond,0-1,even,recover_goal_side,4-4-2_diamond_mid_block,turnover,high,SC00233,F,0.69,possession_football,direct_football,3-4-3_defensive_shape
"[""pass"", ""dribble"", ""cross"", ""switch"", ""recycle""]",Z3,pass,re-evaluate via counterfactual simulation (03_DECISION_ENGINE_ARCHITECTURE.md Part BQ),3-4-3,4-1-4-1,2-1,even,double_team,4-1-4-1_mid_block,turnover,medium,SC00234,F,0.46,total_football,gegenpressing,3-4-3_possession_shape
"[""pass"", ""dribble"", ""cross"", ""switch"", ""recycle""]",Z4,recycle,re-evaluate via counterfactual simulation (03_DECISION_ENGINE_ARCHITECTURE.md Part BQ),5-3-2,4-2-2-2,0-0,even,recover_goal_side,4-2-2-2_mid_block,progression,high,SC00235,F,0.87,gegenpressing,wing_play,5-3-2_possession_shape
"[""pass"", ""dribble"", ""cross"", ""switch"", ""recycle""]",Z26,recycle,re-evaluate via counterfactual simulation (03_DECISION_ENGINE_ARCHITECTURE.md Part BQ),5-3-2,4-3-3,2-1,defender_plus_1,hold_shape,4-3-3_low_block,possession_reset,medium,SC00236,F,0.49,total_football,counterattacking,5-3-2_defensive_shape
"[""pass"", ""dribble"", ""cross"", ""switch"", ""recycle""]",Z18,dribble,re-evaluate via counterfactual simulation (03_DECISION_ENGINE_ARCHITECTURE.md Part BQ),3-1-4-2,4-3-3,protect_lead,attacker_plus_1,hold_shape,4-3-3_low_block,turnover,medium,SC00237,F,0.46,wing_play,possession_football,3-1-4-2_possession_shape
"[""pass"", ""dribble"", ""cross"", ""switch"", ""recycle""]",Z14,switch,re-evaluate via counterfactual simulation (03_DECISION_ENGINE_ARCHITECTURE.md Part BQ),3-1-4-2,4-3-3,2-1,attacker_plus_1,drop_off,4-3-3_mid_block,turnover,high,SC00238,F,0.88,direct_football,positional_play,3-1-4-2_possession_shape
"[""pass"", ""dribble"", ""cross"", ""switch"", ""recycle""]",Z30,switch,re-evaluate via counterfactual simulation (03_DECISION_ENGINE_ARCHITECTURE.md Part BQ),4-3-3,3-4-3,2-1,even,hold_shape,3-4-3_low_block,shot_created,low,SC00239,F,0.51,low_block,positional_play,4-3-3_defensive_shape
"[""pass"", ""dribble"", ""cross"", ""switch"", ""recycle""]",Z9,dribble,re-evaluate via counterfactual simulation (03_DECISION_ENGINE_ARCHITECTURE.md Part BQ),3-1-4-2,4-1-4-1,must_win,even,hand_over_marking,4-1-4-1_mid_block,shot_created,medium,SC00240,F,0.67,possession_football,tiki_taka,3-1-4-2_defensive_shape
"[""pass"", ""dribble"", ""cross"", ""switch"", ""recycle""]",Z20,pass,re-evaluate via counterfactual simulation (03_DECISION_ENGINE_ARCHITECTURE.md Part BQ),4-4-2,4-3-3,1-0,attacker_plus_1,drop_off,4-3-3_mid_block,possession_reset,medium,SC00241,F,0.22,direct_football,possession_football,4-4-2_defensive_shape
"[""pass"", ""dribble"", ""cross"", ""switch"", ""recycle""]",Z21,pass,re-evaluate via counterfactual simulation (03_DECISION_ENGINE_ARCHITECTURE.md Part BQ),5-3-2,4-4-2,2-1,even,shift_across,4-4-2_low_block,progression,high,SC00242,F,0.65,high_press,positional_play,5-3-2_defensive_shape
"[""pass"", ""dribble"", ""cross"", ""switch"", ""recycle""]",Z11,pass,re-evaluate via counterfactual simulation (03_DECISION_ENGINE_ARCHITECTURE.md Part BQ),4-2-2-2,5-3-2,1-0,even,step_up_together,5-3-2_mid_block,turnover,high,SC00243,F,0.37,positional_play,low_block,4-2-2-2_defensive_shape
"[""pass"", ""dribble"", ""cross"", ""switch"", ""recycle""]",Z29,cross,re-evaluate via counterfactual simulation (03_DECISION_ENGINE_ARCHITECTURE.md Part BQ),4-4-2,3-4-3,protect_lead,defender_plus_1,drop_off,3-4-3_mid_block,shot_created,high,SC00244,F,0.29,low_block,possession_football,4-4-2_defensive_shape
"[""pass"", ""dribble"", ""cross"", ""switch"", ""recycle""]",Z29,pass,re-evaluate via counterfactual simulation (03_DECISION_ENGINE_ARCHITECTURE.md Part BQ),4-1-4-1,5-3-2,1-0,attacker_plus_1,shift_across,5-3-2_mid_block,possession_reset,high,SC00245,F,0.37,high_press,counterattacking,4-1-4-1_possession_shape
"[""pass"", ""dribble"", ""cross"", ""switch"", ""recycle""]",Z7,recycle,re-evaluate via counterfactual simulation (03_DECISION_ENGINE_ARCHITECTURE.md Part BQ),3-5-2,3-1-4-2,chase_goal,defender_plus_1,press_immediately,3-1-4-2_low_block,shot_created,low,SC00246,F,0.45,high_press,positional_play,3-5-2_possession_shape
"[""pass"", ""dribble"", ""cross"", ""switch"", ""recycle""]",Z22,pass,re-evaluate via counterfactual simulation (03_DECISION_ENGINE_ARCHITECTURE.md Part BQ),4-1-4-1,4-2-2-2,2-0,even,recover_goal_side,4-2-2-2_mid_block,shot_created,medium,SC00247,F,0.6,low_block,tiki_taka,4-1-4-1_possession_shape
"[""pass"", ""dribble"", ""cross"", ""switch"", ""recycle""]",Z27,recycle,re-evaluate via counterfactual simulation (03_DECISION_ENGINE_ARCHITECTURE.md Part BQ),4-3-3,3-5-2,2-0,even,shift_across,3-5-2_low_block,progression,high,SC00248,F,0.67,low_block,possession_football,4-3-3_defensive_shape
"[""pass"", ""dribble"", ""cross"", ""switch"", ""recycle""]",Z18,dribble,re-evaluate via counterfactual simulation (03_DECISION_ENGINE_ARCHITECTURE.md Part BQ),4-4-2_diamond,4-2-3-1,protect_lead,even,recover_goal_side,4-2-3-1_low_block,possession_reset,high,SC00249,F,0.34,direct_football,possession_football,4-4-2_diamond_defensive_shape
"[""pass"", ""dribble"", ""cross"", ""switch"", ""recycle""]",Z18,recycle,re-evaluate via counterfactual simulation (03_DECISION_ENGINE_ARCHITECTURE.md Part BQ),4-4-2_diamond,3-1-4-2,0-1,even,shift_across,3-1-4-2_low_block,shot_created,medium,SC00250,F,0.35,low_block,positional_play,4-4-2_diamond_possession_shape
"[""pass"", ""dribble"", ""cross"", ""switch"", ""recycle""]",Z14,switch,re-evaluate via counterfactual simulation (03_DECISION_ENGINE_ARCHITECTURE.md Part BQ),4-4-2,3-4-3,1-0,even,press_immediately,3-4-3_low_block,possession_reset,medium,SC00251,F,0.68,possession_football,high_press,4-4-2_defensive_shape
"[""pass"", ""dribble"", ""cross"", ""switch"", ""recycle""]",Z8,cross,re-evaluate via counterfactual simulation (03_DECISION_ENGINE_ARCHITECTURE.md Part BQ),4-3-3,4-2-3-1,2-0,even,shift_across,4-2-3-1_mid_block,turnover,low,SC00252,F,0.17,tiki_taka,high_press,4-3-3_possession_shape
"[""pass"", ""dribble"", ""cross"", ""switch"", ""recycle""]",Z21,cross,re-evaluate via counterfactual simulation (03_DECISION_ENGINE_ARCHITECTURE.md Part BQ),4-3-3,3-5-2,0-2,defender_plus_1,recover_goal_side,3-5-2_mid_block,shot_created,low,SC00253,F,0.39,gegenpressing,possession_football,4-3-3_defensive_shape
"[""pass"", ""dribble"", ""cross"", ""switch"", ""recycle""]",Z11,pass,re-evaluate via counterfactual simulation (03_DECISION_ENGINE_ARCHITECTURE.md Part BQ),4-4-2,4-4-2_diamond,0-1,attacker_plus_1,recover_goal_side,4-4-2_diamond_low_block,shot_created,low,SC00254,F,0.67,possession_football,tiki_taka,4-4-2_possession_shape
"[""pass"", ""dribble"", ""cross"", ""switch"", ""recycle""]",Z14,recycle,re-evaluate via counterfactual simulation (03_DECISION_ENGINE_ARCHITECTURE.md Part BQ),5-3-2,4-4-2_diamond,chase_goal,attacker_plus_1,recover_goal_side,4-4-2_diamond_mid_block,progression,medium,SC00255,F,0.52,high_press,positional_play,5-3-2_defensive_shape
"[""pass"", ""dribble"", ""cross"", ""switch"", ""recycle""]",Z19,switch,re-evaluate via counterfactual simulation (03_DECISION_ENGINE_ARCHITECTURE.md Part BQ),4-2-3-1,4-4-2,protect_lead,defender_plus_1,hand_over_marking,4-4-2_mid_block,turnover,low,SC00256,F,0.52,total_football,low_block,4-2-3-1_defensive_shape
"[""pass"", ""dribble"", ""cross"", ""switch"", ""recycle""]",Z5,recycle,re-evaluate via counterfactual simulation (03_DECISION_ENGINE_ARCHITECTURE.md Part BQ),3-5-2,4-2-2-2,2-1,even,double_team,4-2-2-2_mid_block,turnover,low,SC00257,F,0.27,total_football,low_block,3-5-2_defensive_shape
"[""pass"", ""dribble"", ""cross"", ""switch"", ""recycle""]",Z28,dribble,re-evaluate via counterfactual simulation (03_DECISION_ENGINE_ARCHITECTURE.md Part BQ),4-2-2-2,3-5-2,1-0,even,hold_shape,3-5-2_low_block,shot_created,high,SC00258,F,0.32,high_press,counterattacking,4-2-2-2_possession_shape
"[""pass"", ""dribble"", ""cross"", ""switch"", ""recycle""]",Z26,pass,re-evaluate via counterfactual simulation (03_DECISION_ENGINE_ARCHITECTURE.md Part BQ),4-1-4-1,3-5-2,2-1,defender_plus_1,drop_off,3-5-2_mid_block,turnover,high,SC00259,F,0.55,positional_play,gegenpressing,4-1-4-1_possession_shape
"[""pass"", ""dribble"", ""cross"", ""switch"", ""recycle""]",Z12,recycle,re-evaluate via counterfactual simulation (03_DECISION_ENGINE_ARCHITECTURE.md Part BQ),4-1-4-1,4-2-2-2,2-1,defender_plus_1,double_team,4-2-2-2_low_block,possession_reset,high,SC00260,F,0.17,counterattacking,high_press,4-1-4-1_defensive_shape
"[""pass"", ""dribble"", ""cross"", ""switch"", ""recycle""]",Z25,recycle,re-evaluate via counterfactual simulation (03_DECISION_ENGINE_ARCHITECTURE.md Part BQ),4-4-2,4-2-3-1,0-1,defender_plus_1,double_team,4-2-3-1_mid_block,shot_created,medium,SC00261,F,0.73,total_football,wing_play,4-4-2_defensive_shape
"[""pass"", ""dribble"", ""cross"", ""switch"", ""recycle""]",Z11,dribble,re-evaluate via counterfactual simulation (03_DECISION_ENGINE_ARCHITECTURE.md Part BQ),5-3-2,4-4-2,1-2,attacker_plus_1,step_up_together,4-4-2_low_block,progression,high,SC00262,F,0.2,positional_play,tiki_taka,5-3-2_defensive_shape
"[""pass"", ""dribble"", ""cross"", ""switch"", ""recycle""]",Z11,dribble,re-evaluate via counterfactual simulation (03_DECISION_ENGINE_ARCHITECTURE.md Part BQ),4-2-3-1,4-3-3,protect_lead,attacker_plus_1,shift_across,4-3-3_low_block,possession_reset,low,SC00263,F,0.43,direct_football,wing_play,4-2-3-1_possession_shape
"[""pass"", ""dribble"", ""cross"", ""switch"", ""recycle""]",Z1,pass,re-evaluate via counterfactual simulation (03_DECISION_ENGINE_ARCHITECTURE.md Part BQ),4-3-3,3-1-4-2,protect_lead,defender_plus_1,drop_off,3-1-4-2_low_block,shot_created,high,SC00264,F,0.29,counterattacking,high_press,4-3-3_defensive_shape
"[""pass"", ""dribble"", ""cross"", ""switch"", ""recycle""]",Z2,switch,re-evaluate via counterfactual simulation (03_DECISION_ENGINE_ARCHITECTURE.md Part BQ),3-5-2,3-1-4-2,protect_lead,defender_plus_1,hand_over_marking,3-1-4-2_mid_block,progression,low,SC00265,F,0.87,tiki_taka,total_football,3-5-2_possession_shape
"[""pass"", ""dribble"", ""cross"", ""switch"", ""recycle""]",Z13,cross,re-evaluate via counterfactual simulation (03_DECISION_ENGINE_ARCHITECTURE.md Part BQ),3-5-2,4-3-3,chase_goal,attacker_plus_1,step_up_together,4-3-3_mid_block,possession_reset,high,SC00266,F,0.1,gegenpressing,total_football,3-5-2_defensive_shape
"[""pass"", ""dribble"", ""cross"", ""switch"", ""recycle""]",Z3,recycle,re-evaluate via counterfactual simulation (03_DECISION_ENGINE_ARCHITECTURE.md Part BQ),3-5-2,4-2-2-2,chase_goal,even,hold_shape,4-2-2-2_mid_block,turnover,high,SC00267,F,0.28,gegenpressing,high_press,3-5-2_possession_shape
"[""pass"", ""dribble"", ""cross"", ""switch"", ""recycle""]",Z27,dribble,re-evaluate via counterfactual simulation (03_DECISION_ENGINE_ARCHITECTURE.md Part BQ),4-1-4-1,4-3-3,0-1,defender_plus_1,hand_over_marking,4-3-3_low_block,turnover,high,SC00268,F,0.12,positional_play,wing_play,4-1-4-1_possession_shape
"[""pass"", ""dribble"", ""cross"", ""switch"", ""recycle""]",Z23,dribble,re-evaluate via counterfactual simulation (03_DECISION_ENGINE_ARCHITECTURE.md Part BQ),4-2-2-2,3-1-4-2,2-1,defender_plus_1,double_team,3-1-4-2_low_block,possession_reset,medium,SC00269,F,0.48,possession_football,low_block,4-2-2-2_possession_shape
"[""pass"", ""dribble"", ""cross"", ""switch"", ""recycle""]",Z12,pass,re-evaluate via counterfactual simulation (03_DECISION_ENGINE_ARCHITECTURE.md Part BQ),5-3-2,4-3-3,1-2,defender_plus_1,recover_goal_side,4-3-3_low_block,shot_created,low,SC00270,F,0.4,direct_football,low_block,5-3-2_defensive_shape
"[""pass"", ""dribble"", ""cross"", ""switch"", ""recycle""]",Z11,recycle,re-evaluate via counterfactual simulation (03_DECISION_ENGINE_ARCHITECTURE.md Part BQ),4-4-2,4-4-2_diamond,0-2,defender_plus_1,press_immediately,4-4-2_diamond_low_block,shot_created,medium,SC00271,F,0.6,total_football,counterattacking,4-4-2_possession_shape
"[""pass"", ""dribble"", ""cross"", ""switch"", ""recycle""]",Z30,pass,re-evaluate via counterfactual simulation (03_DECISION_ENGINE_ARCHITECTURE.md Part BQ),4-2-2-2,3-1-4-2,must_win,even,hand_over_marking,3-1-4-2_low_block,shot_created,high,SC00272,F,0.59,tiki_taka,positional_play,4-2-2-2_defensive_shape
"[""pass"", ""dribble"", ""cross"", ""switch"", ""recycle""]",Z25,cross,re-evaluate via counterfactual simulation (03_DECISION_ENGINE_ARCHITECTURE.md Part BQ),4-2-3-1,4-4-2_diamond,chase_goal,even,hold_shape,4-4-2_diamond_mid_block,shot_created,low,SC00273,F,0.73,possession_football,gegenpressing,4-2-3-1_defensive_shape
"[""pass"", ""dribble"", ""cross"", ""switch"", ""recycle""]",Z16,dribble,re-evaluate via counterfactual simulation (03_DECISION_ENGINE_ARCHITECTURE.md Part BQ),4-3-3,5-3-2,0-0,attacker_plus_1,press_immediately,5-3-2_low_block,turnover,medium,SC00274,F,0.9,positional_play,gegenpressing,4-3-3_defensive_shape
"[""pass"", ""dribble"", ""cross"", ""switch"", ""recycle""]",Z11,cross,re-evaluate via counterfactual simulation (03_DECISION_ENGINE_ARCHITECTURE.md Part BQ),5-3-2,4-1-4-1,chase_goal,attacker_plus_1,step_up_together,4-1-4-1_mid_block,shot_created,high,SC00275,F,0.54,possession_football,direct_football,5-3-2_defensive_shape
"[""pass"", ""dribble"", ""cross"", ""switch"", ""recycle""]",Z10,switch,re-evaluate via counterfactual simulation (03_DECISION_ENGINE_ARCHITECTURE.md Part BQ),4-2-3-1,4-4-2_diamond,0-1,attacker_plus_1,drop_off,4-4-2_diamond_mid_block,shot_created,low,SC00276,F,0.89,tiki_taka,positional_play,4-2-3-1_defensive_shape
"[""pass"", ""dribble"", ""cross"", ""switch"", ""recycle""]",Z18,dribble,re-evaluate via counterfactual simulation (03_DECISION_ENGINE_ARCHITECTURE.md Part BQ),4-3-3,4-2-3-1,2-1,defender_plus_1,step_up_together,4-2-3-1_low_block,shot_created,low,SC00277,F,0.2,direct_football,counterattacking,4-3-3_possession_shape
"[""pass"", ""dribble"", ""cross"", ""switch"", ""recycle""]",Z12,recycle,re-evaluate via counterfactual simulation (03_DECISION_ENGINE_ARCHITECTURE.md Part BQ),3-4-3,4-3-3,chase_goal,even,step_up_together,4-3-3_low_block,possession_reset,medium,SC00278,F,0.22,tiki_taka,wing_play,3-4-3_defensive_shape
"[""pass"", ""dribble"", ""cross"", ""switch"", ""recycle""]",Z15,switch,re-evaluate via counterfactual simulation (03_DECISION_ENGINE_ARCHITECTURE.md Part BQ),4-2-3-1,3-5-2,1-0,defender_plus_1,press_immediately,3-5-2_mid_block,possession_reset,medium,SC00279,F,0.58,wing_play,direct_football,4-2-3-1_possession_shape
"[""pass"", ""dribble"", ""cross"", ""switch"", ""recycle""]",Z9,cross,re-evaluate via counterfactual simulation (03_DECISION_ENGINE_ARCHITECTURE.md Part BQ),4-3-3,3-1-4-2,2-1,attacker_plus_1,press_immediately,3-1-4-2_mid_block,progression,low,SC00280,F,0.25,low_block,positional_play,4-3-3_defensive_shape
"[""pass"", ""dribble"", ""cross"", ""switch"", ""recycle""]",Z21,pass,re-evaluate via counterfactual simulation (03_DECISION_ENGINE_ARCHITECTURE.md Part BQ),4-3-3,3-5-2,1-0,even,step_up_together,3-5-2_low_block,possession_reset,low,SC00281,F,0.22,positional_play,wing_play,4-3-3_possession_shape
"[""pass"", ""dribble"", ""cross"", ""switch"", ""recycle""]",Z20,pass,re-evaluate via counterfactual simulation (03_DECISION_ENGINE_ARCHITECTURE.md Part BQ),4-3-3,4-4-2,chase_goal,attacker_plus_1,step_up_together,4-4-2_mid_block,possession_reset,high,SC00282,F,0.8,possession_football,gegenpressing,4-3-3_possession_shape
"[""pass"", ""dribble"", ""cross"", ""switch"", ""recycle""]",Z17,pass,re-evaluate via counterfactual simulation (03_DECISION_ENGINE_ARCHITECTURE.md Part BQ),4-2-2-2,3-4-3,0-0,attacker_plus_1,hold_shape,3-4-3_mid_block,shot_created,medium,SC00283,F,0.7,tiki_taka,possession_football,4-2-2-2_defensive_shape
"[""pass"", ""dribble"", ""cross"", ""switch"", ""recycle""]",Z28,cross,re-evaluate via counterfactual simulation (03_DECISION_ENGINE_ARCHITECTURE.md Part BQ),3-1-4-2,4-4-2,2-0,even,double_team,4-4-2_mid_block,progression,high,SC00284,F,0.69,low_block,counterattacking,3-1-4-2_defensive_shape
"[""pass"", ""dribble"", ""cross"", ""switch"", ""recycle""]",Z23,recycle,re-evaluate via counterfactual simulation (03_DECISION_ENGINE_ARCHITECTURE.md Part BQ),3-4-3,3-5-2,2-0,attacker_plus_1,hold_shape,3-5-2_mid_block,shot_created,medium,SC00285,F,0.33,low_block,positional_play,3-4-3_possession_shape
"[""pass"", ""dribble"", ""cross"", ""switch"", ""recycle""]",Z15,switch,re-evaluate via counterfactual simulation (03_DECISION_ENGINE_ARCHITECTURE.md Part BQ),4-4-2,4-2-2-2,0-1,defender_plus_1,step_up_together,4-2-2-2_low_block,progression,low,SC00286,F,0.32,direct_football,low_block,4-4-2_defensive_shape
"[""pass"", ""dribble"", ""cross"", ""switch"", ""recycle""]",Z23,recycle,re-evaluate via counterfactual simulation (03_DECISION_ENGINE_ARCHITECTURE.md Part BQ),4-2-2-2,4-4-2,2-1,attacker_plus_1,step_up_together,4-4-2_mid_block,progression,low,SC00287,F,0.65,direct_football,possession_football,4-2-2-2_possession_shape
"[""pass"", ""dribble"", ""cross"", ""switch"", ""recycle""]",Z24,pass,re-evaluate via counterfactual simulation (03_DECISION_ENGINE_ARCHITECTURE.md Part BQ),3-5-2,4-2-3-1,0-2,even,step_up_together,4-2-3-1_mid_block,possession_reset,medium,SC00288,F,0.32,wing_play,tiki_taka,3-5-2_possession_shape
"[""pass"", ""dribble"", ""cross"", ""switch"", ""recycle""]",Z15,cross,re-evaluate via counterfactual simulation (03_DECISION_ENGINE_ARCHITECTURE.md Part BQ),4-2-2-2,4-1-4-1,1-0,even,double_team,4-1-4-1_low_block,possession_reset,low,SC00289,F,0.34,direct_football,total_football,4-2-2-2_possession_shape
"[""pass"", ""dribble"", ""cross"", ""switch"", ""recycle""]",Z27,cross,re-evaluate via counterfactual simulation (03_DECISION_ENGINE_ARCHITECTURE.md Part BQ),5-3-2,3-1-4-2,chase_goal,defender_plus_1,press_immediately,3-1-4-2_mid_block,progression,low,SC00290,F,0.56,low_block,counterattacking,5-3-2_defensive_shape
"[""pass"", ""dribble"", ""cross"", ""switch"", ""recycle""]",Z30,pass,re-evaluate via counterfactual simulation (03_DECISION_ENGINE_ARCHITECTURE.md Part BQ),3-1-4-2,5-3-2,chase_goal,defender_plus_1,hold_shape,5-3-2_mid_block,progression,low,SC00291,F,0.62,counterattacking,high_press,3-1-4-2_defensive_shape
"[""pass"", ""dribble"", ""cross"", ""switch"", ""recycle""]",Z27,switch,re-evaluate via counterfactual simulation (03_DECISION_ENGINE_ARCHITECTURE.md Part BQ),4-3-3,3-1-4-2,protect_lead,attacker_plus_1,step_up_together,3-1-4-2_low_block,possession_reset,medium,SC00292,F,0.87,gegenpressing,low_block,4-3-3_possession_shape
"[""pass"", ""dribble"", ""cross"", ""switch"", ""recycle""]",Z28,dribble,re-evaluate via counterfactual simulation (03_DECISION_ENGINE_ARCHITECTURE.md Part BQ),3-1-4-2,4-4-2_diamond,0-1,attacker_plus_1,hand_over_marking,4-4-2_diamond_mid_block,turnover,high,SC00293,F,0.58,direct_football,low_block,3-1-4-2_defensive_shape
"[""pass"", ""dribble"", ""cross"", ""switch"", ""recycle""]",Z28,switch,re-evaluate via counterfactual simulation (03_DECISION_ENGINE_ARCHITECTURE.md Part BQ),3-1-4-2,4-1-4-1,0-0,attacker_plus_1,drop_off,4-1-4-1_low_block,progression,high,SC00294,F,0.52,gegenpressing,positional_play,3-1-4-2_possession_shape
"[""pass"", ""dribble"", ""cross"", ""switch"", ""recycle""]",Z6,recycle,re-evaluate via counterfactual simulation (03_DECISION_ENGINE_ARCHITECTURE.md Part BQ),4-4-2,3-5-2,1-0,defender_plus_1,press_immediately,3-5-2_low_block,turnover,medium,SC00295,F,0.73,direct_football,gegenpressing,4-4-2_defensive_shape
"[""pass"", ""dribble"", ""cross"", ""switch"", ""recycle""]",Z16,pass,re-evaluate via counterfactual simulation (03_DECISION_ENGINE_ARCHITECTURE.md Part BQ),4-4-2,5-3-2,0-1,even,press_immediately,5-3-2_mid_block,possession_reset,high,SC00296,F,0.7,tiki_taka,total_football,4-4-2_possession_shape
"[""pass"", ""dribble"", ""cross"", ""switch"", ""recycle""]",Z25,pass,re-evaluate via counterfactual simulation (03_DECISION_ENGINE_ARCHITECTURE.md Part BQ),4-3-3,4-4-2,2-1,defender_plus_1,step_up_together,4-4-2_low_block,possession_reset,high,SC00297,F,0.3,direct_football,high_press,4-3-3_possession_shape
"[""pass"", ""dribble"", ""cross"", ""switch"", ""recycle""]",Z15,cross,re-evaluate via counterfactual simulation (03_DECISION_ENGINE_ARCHITECTURE.md Part BQ),4-1-4-1,4-2-2-2,0-1,even,hold_shape,4-2-2-2_mid_block,possession_reset,medium,SC00298,F,0.15,possession_football,gegenpressing,4-1-4-1_defensive_shape
"[""pass"", ""dribble"", ""cross"", ""switch"", ""recycle""]",Z1,recycle,re-evaluate via counterfactual simulation (03_DECISION_ENGINE_ARCHITECTURE.md Part BQ),4-3-3,4-2-2-2,2-1,defender_plus_1,shift_across,4-2-2-2_low_block,shot_created,high,SC00299,F,0.68,wing_play,counterattacking,4-3-3_defensive_shape
"[""pass"", ""dribble"", ""cross"", ""switch"", ""recycle""]",Z17,dribble,re-evaluate via counterfactual simulation (03_DECISION_ENGINE_ARCHITECTURE.md Part BQ),5-3-2,4-2-2-2,chase_goal,defender_plus_1,hand_over_marking,4-2-2-2_low_block,progression,high,SC00300,F,0.18,positional_play,low_block,5-3-2_possession_shape
